match,game,ply,us,fen,move,reply,refutation,loss_played,loss_rule,best_alt_loss,result,plies_left,klass,repro,prior_root,root_value,value_after,ref_prior_child,ref_in_edges,played128,n128,q128,cq128,child_expanded128,ref_n128,ref_q128,loss128,played1024,n1024,q1024,cq1024,child_expanded1024,ref_n1024,ref_q1024,loss1024
24h,4,1,w,r1bq1bnr/Nppkpppp/8/2np4/8/5N2/PPPPPPPP/R1BQKB1R w KQ - 1 5,d2d4,a8a7,a8a7,3,3,0,0-1,35,VALUE,True,0.4961,0.1992,0.0732,0.0737,True,d2d4,30,0.1815,0.1815,True,1,0.2070,3,d2d4,240,0.1992,0.1992,True,7,0.2139,3
24h,8,13,w,r1b1kb1r/ppp2pp1/2n2n2/4p3/4P3/PQN2PpP/1P3q2/R1B1KBNR w KQkq - 1 11,e1d1,f2f1,f2f1,3,3,99,0-1,31,OTHER(forced),True,1.0000,-0.2954,-0.4619,0.0016,True,e1d1,128,-0.5041,-0.5041,True,0,nan,3,e1d1,1024,-0.6146,-0.6146,True,0,nan,3
24h,8,17,w,r1b1kb1r/ppp2pp1/2n2n2/4p3/4P3/PQN2P1P/1P1K2p1/R1B2qNR w kq - 0 13,h1h2,f1g1,f1g1,3,3,8,0-1,27,OTHER(forced),False,0.4697,-0.4595,-0.7881,0.0403,True,c3b5,14,-0.7237,-0.7237,True,0,nan,13,h1h2,240,-0.7050,-0.7050,True,0,nan,3
24h,8,19,w,r1b1kb1r/ppp2pp1/2n2n2/4p3/4P3/PQN2P1P/1P1K2pR/R1B3q1 w kq - 0 14,c3b5,g1h2,g1h2,5,5,4,0-1,25,OTHER(forced),True,0.0447,-0.5874,-0.8223,0.3545,True,c3b5,30,-0.6531,-0.6531,True,14,-0.6909,5,c3b5,240,-0.7684,-0.7684,True,224,-0.7790,5
24h,8,27,w,N1b2b2/pp2kpp1/2n2n2/4p3/4P3/PQK2r2/1P4pq/R1B5 w - - 0 18,c1e3,f3e3,f3e3,3,3,8,0-1,17,BUDGET,True,0.5591,-0.6816,-0.8174,0.3572,True,c1e3,48,-0.9730,-0.9730,True,47,-0.9763,3,c3c4,128,-0.9819,-0.9819,True,127,-0.9832,8
24h,8,29,w,N1b2b2/pp2kpp1/2n2n2/4p3/4P3/PQK1r3/1P4pq/R7 w - - 0 19,c3c4,e3b3,e3b3,4,4,8,0-1,15,OTHER(forced),True,0.3286,-0.8461,-0.9141,0.1595,True,c3c4,54,-0.9809,-0.9809,True,52,-0.9850,4,c3c4,427,-0.9848,-0.9848,True,425,-0.9853,4
24h,8,35,w,2b2b2/ppNk1pp1/1rn2n2/4p3/1PK1P3/P7/6pq/R7 w - - 1 22,c7e8,d7e8,d7e8,3,3,1,0-1,9,BUDGET,True,0.0605,-0.9728,-0.9746,0.1805,True,c7e8,30,-0.9898,-0.9898,True,28,-0.9909,3,b4b5,112,-0.9919,-0.9919,True,110,-0.9923,3
24h,8,41,w,4kb2/pp3pp1/1rn1bn2/4p3/1PK1P3/P5q1/6p1/3R4 w - - 4 25,d1d5,g2g1r,g2g1q,4,8,99,0-1,3,OTHER(forced),True,1.0000,-0.9820,-0.9941,0.1287,True,d1d5,128,-0.9683,-0.9683,True,22,-0.9461,8,d1d5,1024,-0.9918,-0.9918,True,22,-0.9461,8
24h,9,1,w,rn1qkbnr/pbpp2pp/1p6/4pp2/P5P1/1PN5/2PPPP1P/R1BQKBNR w KQkq - 2 5,g4f5,b7h1,b7h1,4,4,0,1/2-1/2,44,BUDGET,False,0.3940,0.1182,0.0708,0.0706,True,e2e4,14,0.0293,0.0293,True,0,nan,0,e2e4,112,0.0206,0.0206,True,0,nan,0
24h,10,29,w,3r2k1/p4ppp/1p2bq2/2n1p3/1Q6/P1Pr1PnP/P2BB1P1/2KR2NR w - - 4 19,d2e1,g3h1,g3h1,5,5,0,0-1,17,BUDGET,True,0.0237,-0.1274,-0.3545,0.0153,True,d2e1,30,-0.2277,-0.2277,True,0,nan,5,b4b1,112,-0.2725,-0.2725,True,0,nan,5
24h,10,43,w,3r2k1/p4ppp/1p2b3/4p3/7Q/P1P2P1P/P3N1P1/2KqB2n w - - 8 26,c1b2,d1e2,d1e2,3,3,99,0-1,3,OTHER(forced),True,1.0000,-0.3916,-0.6729,0.0977,True,c1b2,128,-0.5393,-0.5393,True,0,nan,3,c1b2,1024,-0.6244,-0.6244,True,0,nan,3
24h,12,19,w,r1b4r/ppp1nkp1/2n2p2/3qp3/6Pp/P2P1PRB/P3N2P/1RBQK3 w - - 0 14,b1b5,d5b5,d5b5,5,5,1,1/2-1/2,32,BUDGET,False,0.1053,-0.4277,-0.0977,0.1764,True,g3g1,30,-0.3075,-0.3075,True,0,nan,1,g3g1,240,-0.3096,-0.3096,True,0,nan,1
24h,12,31,w,r2r4/ppp1nkp1/4bp2/4p3/6Pp/P1Nq1P1B/P1n3KP/2B1Q1R1 w - - 6 20,e1f2,d3c3,d3c3,3,3,0,1/2-1/2,20,BUDGET,False,0.1451,-0.7039,-0.4707,0.0861,True,e1h4,30,-0.6341,-0.6341,True,0,nan,2,e1h4,240,-0.7152,-0.7152,True,0,nan,2
24h,14,11,w,r3k1nr/pppn1ppp/8/3Pp3/3Pq3/7P/PBP1K2P/R2Q1B1R w kq - 1 10,e2f2,e4h1,e4h1,5,5,5,0-1,43,OTHER(forced),True,0.6685,-0.0933,-0.1855,0.0377,True,e2f2,64,-0.1078,-0.1078,True,0,nan,5,e2f2,512,-0.1211,-0.1211,True,0,nan,5
24h,14,27,w,2kr2r1/ppp2Q1p/5n2/3PB3/4q3/7P/P1P5/R3K3 w - - 1 18,e1f1,e4e5,e4e5,3,3,3,0-1,27,BUDGET,True,0.2542,-0.3896,-0.5801,0.0591,True,e1f1,48,-0.6150,-0.6150,True,0,nan,3,e1d2,384,-0.6011,-0.6011,True,0,nan,3
24h,14,33,w,2k2rr1/ppp4p/5Q2/3q4/8/7P/P1P5/4RK2 w - - 1 21,e1e8,f8e8,f8e8,5,5,4,0-1,21,OTHER(forced),True,0.0260,-0.5620,-0.4160,0.9893,True,e1e8,30,-0.8860,-0.8860,True,29,-0.9022,5,e1e8,240,-0.8632,-0.8632,True,239,-0.8651,5
24h,14,41,w,2k1rr2/pppq3p/5Q2/2P5/8/7P/P4K2/8 w - - 1 25,c5c6,f8f6,f8f6,9,9,4,0-1,13,BUDGET,False,0.1987,-0.7958,-0.8398,0.8931,True,f6f8,16,-0.9818,-0.9818,True,15,-0.9912,4,f6f3,139,-0.9932,-0.9932,True,138,-0.9943,4
24h,15,37,w,1rb1kr2/3nn2p/6p1/p1p1b3/2P1p3/PPp1BB1P/6P1/2RQ1KR1 w - - 0 23,c1c3,e5c3,e5c3,4,4,2,1/2-1/2,17,BUDGET,False,0.2231,0.5098,0.1929,0.9160,True,d1e2,30,-0.0737,-0.0737,True,1,0.3105,2,d1e2,240,0.0003,0.0003,True,1,0.3105,2
24h,16,23,w,r1bq1rk1/p1p2pp1/1p1b3p/8/3P3P/2PQ1N2/PP1N1nP1/R1BKR3 w - - 0 16,d1c2,f2d3,f2d3,6,6,6,0-1,33,OTHER(forced),True,0.8438,-0.2437,-0.1338,0.9297,True,d1c2,64,-0.7394,-0.7394,True,63,-0.7490,6,d1c2,512,-0.7679,-0.7679,True,511,-0.7691,6
24h,19,39,w,r4k2/1Bp4Q/pq2p2p/6p1/8/6P1/P1P2n1P/1K4R1 w - - 1 24,b1c1,b6b7,b6b7,3,3,3,0-1,21,OTHER(forced),True,0.8218,0.4688,0.4302,0.1997,True,b1c1,64,-0.1062,-0.1062,True,63,-0.1147,3,b1c1,512,-0.0671,-0.0671,True,511,-0.0681,3
24h,22,15,w,r3k2r/pbpp1pb1/1p2pq2/7p/2B1P1pP/1PN5/P1P1QPP1/R3K1NR w KQkq - 0 12,a1d1,f6c3,f6c3,3,3,0,0-1,49,PRIOR,False,0.2158,0.4082,0.3530,0.0469,True,c4d3,30,0.2198,0.2198,True,0,nan,3,a1d1,240,0.2008,0.2008,True,0,nan,3
24h,22,63,w,6rk/2p5/1p1r4/1P2pB1K/3p3P/5b2/2P4R/8 w - - 5 36,f5g4,f3g4,f3g4,3,3,99,0-1,1,OTHER(forced),True,1.0000,-0.7007,-0.7441,0.6855,True,f5g4,128,-0.9980,-0.9980,True,127,-1.0000,3,f5g4,1024,-0.9998,-0.9998,True,1023,-1.0000,3
24h,23,59,w,4rkrQ/5p2/4p1p1/1pp5/p2p1P1R/P2P1R1P/1PP3PK/1B2q3 w - - 7 34,h8f6,e1b1,e1b1,3,3,0,1-0,6,VALUE,True,0.5215,0.5381,0.6426,0.0558,True,h8f6,30,0.5877,0.5877,True,25,0.5708,3,h8f6,240,0.5614,0.5614,True,235,0.5590,3
24h,25,13,w,r2qk2r/pnp2ppp/1p3n2/1P1P1b2/1b1Pp3/2N1P3/P4PPP/R1BQKBNR w KQkq - 3 11,h2h3,b4c3,b4c3,3,3,0,0-1,65,BUDGET,False,0.1214,0.0488,-0.0176,0.6875,True,c1d2,2,0.0181,0.0181,True,1,0.0537,0,d1b3,48,-0.1176,-0.1176,True,1,0.0537,0
24h,25,29,w,r4rk1/p4ppp/1p3n2/1B3b2/3Pp3/4P1QP/3B1PP1/1q2K1NR w K - 1 19,e1e2,b1b5,b1b5,3,3,3,0-1,49,BUDGET,True,0.4604,-0.2368,-0.6084,0.3220,True,e1e2,64,-0.6981,-0.6981,True,63,-0.7000,3,d2c1,512,-0.7430,-0.7430,True,511,-0.7433,3
24h,25,51,w,3r1rk1/p4ppp/1p4b1/4Q3/3P4/4PP1P/3q3K/4R3 w - - 1 30,e1e2,d2e2,d2e2,5,5,5,0-1,27,OTHER(forced),True,0.6914,-0.7051,-0.6836,0.0278,True,e1e2,48,-0.6907,-0.6907,True,0,nan,5,e1e2,384,-0.7281,-0.7281,True,0,nan,5
24h,27,43,w,2r3k1/4Qpp1/3pp2p/q7/3PP1b1/4R3/1P3PK1/2B5 w - - 0 26,e3g3,c8c1,c8c1,3,3,0,0-1,43,BUDGET,False,0.1757,0.1865,0.0459,0.1716,True,e7h4,30,0.0425,0.0425,True,28,0.0355,3,e7h4,112,-0.0906,-0.0906,True,110,-0.0948,3
24h,29,11,w,rnb1kb1r/1pp2pp1/p7/4P2p/8/1P5P/P1N1PnP1/R1BK1BNR w kq - 0 10,d1e1,f2h1,f2h1,5,5,5,1/2-1/2,76,BUDGET,True,0.8198,-0.1113,-0.2080,0.9834,True,d1e1,64,-0.6838,-0.6838,True,63,-0.6913,5,d1d2,512,-0.7141,-0.7141,True,511,-0.7151,5
24h,29,33,w,3rk2r/1p3pp1/p7/4P2p/R2P1B2/1b5P/6P1/3K1B1n w k - 0 21,d1c1,b3a4,b3a4,5,5,5,1/2-1/2,54,BUDGET,False,0.3640,-0.6799,-0.6914,0.9917,True,d1d2,16,-0.9313,-0.9313,True,15,-0.9473,5,d1d2,128,-0.9634,-0.9634,True,127,-0.9656,5
24h,29,43,w,4k2r/1p3pp1/p1b5/4P1B1/3r4/7p/8/2K4B w k - 1 26,c1b2,c6h1,c6h1,3,3,0,1/2-1/2,44,PRIOR,False,0.1188,-0.9636,-0.9717,0.0059,True,e5e6,2,-0.9732,-0.9732,True,0,nan,3,c1b2,240,-0.9848,-0.9848,True,0,nan,3
24h,29,75,w,r5r1/B4k2/p3p3/1p1b2p1/8/8/1K6/8 w - - 4 42,b2a3,a8a7,a8a7,3,3,0,1/2-1/2,12,BUDGET,False,0.0777,-0.9928,-0.9990,0.0644,True,a7c5,17,-0.9965,-0.9965,True,0,nan,0,a7b8,146,-0.9966,-0.9966,True,0,nan,3
24h,30,7,w,rnbqk1r1/pppp1p1p/4pb2/6p1/2P2N2/PP6/3PPPPP/RN1QKB1R w KQq - 0 8,f4d3,f6a1,f6a1,5,5,3,1/2-1/2,81,BUDGET,True,0.0711,0.0234,0.0132,0.1681,True,f4d3,30,-0.0402,-0.0402,True,0,nan,5,f4h3,240,-0.0707,-0.0707,True,0,nan,5
24h,30,53,w,8/3pkp1p/4p1r1/4P1p1/2p5/P2bPB1P/6P1/1r1Q2K1 w - - 1 31,d1b1,d3b1,d3b1,4,4,4,1/2-1/2,35,BUDGET,True,0.7354,0.0078,0.3467,0.9858,True,d1b1,30,-0.8965,-0.8965,True,29,-0.9394,4,g1f2,112,-0.9382,-0.9382,True,111,-0.9498,4
24h,31,33,w,3qk2r/Q3p1b1/P2p1n2/1n1b1p1p/3P2p1/2P1P3/1P1N1PPP/R1B1R1K1 w k - 1 21,c3c4,b5a7,b5a7,9,9,6,0-1,59,OTHER(forced),False,0.4263,0.4521,0.2539,0.8677,True,a7e7,30,-0.4366,-0.4366,True,29,-0.4604,8,c3c4,240,-0.4359,-0.4359,True,239,-0.4388,9
24h,31,67,w,6k1/n7/P3p3/3p3p/4n3/4BP1P/1q2K3/R7 w - - 0 38,e3d2,b2a1,b2a1,5,5,5,0-1,25,OTHER(forced),True,0.0107,-0.4854,-0.7510,0.3711,True,e3d2,52,-0.9026,-0.9026,True,0,nan,5,e3d2,410,-0.9228,-0.9228,True,0,nan,5
24h,33,31,w,r5k1/pp3pp1/2pq1n1p/P7/6bP/2PBP3/1P4P1/RN2K2R w KQ - 0 20,b1d2,d6d3,d6d3,3,3,0,0-1,63,PRIOR,False,0.6094,-0.4922,-0.6377,0.0977,True,e1g1,14,-0.6116,-0.6116,True,0,nan,3,b1d2,240,-0.5693,-0.5693,True,0,nan,3
24h,33,35,w,r5k1/pp3pp1/P1p2n1p/8/6bP/2P1q3/1P1N2P1/R3K2R w KQ - 0 22,e1f1,e3d2,e3d2,3,3,99,0-1,59,OTHER(forced),True,1.0000,-0.7078,-0.9229,0.3074,True,e1f1,128,-0.8945,-0.8945,True,115,-0.9016,3,e1f1,1024,-0.8772,-0.8772,True,1011,-0.8778,3
24h,33,55,w,8/1r2kpp1/R1p4p/2P4n/2b5/8/6P1/5K2 w - - 2 32,f1g1,c4a6,c4a6,5,5,5,0-1,39,BUDGET,True,0.4431,-0.8767,-0.9365,0.9751,True,f1g1,54,-0.9942,-0.9942,True,53,-0.9952,5,f1f2,170,-0.9954,-0.9954,True,169,-0.9958,5
24h,35,79,w,r7/N4p2/1p3k1p/2r2p1P/b3p3/6R1/5KP1/8 w - - 1 44,f2e3,a8a7,a8a7,3,3,3,1/2-1/2,18,OTHER(forced),False,0.4880,-0.8661,-0.9336,0.6128,True,g3g8,30,-0.9645,-0.9645,True,29,-0.9656,5,f2e3,240,-0.9600,-0.9600,True,239,-0.9601,3
24h,36,25,w,r1b1kb2/1p3p1p/p1p2q1r/3p1p1Q/3Pp2P/N1P1P3/PP2BP2/1RB1K2R w q - 4 17,h5h6,f8h6,f8h6,4,4,0,1/2-1/2,75,BUDGET,True,0.3137,0.4717,0.6328,0.6055,True,h5h6,30,-0.3124,-0.3124,True,29,-0.3450,4,e1d2,240,-0.3812,-0.3812,True,239,-0.3854,4
24h,36,63,w,3k3b/1p3p2/p1p1b3/P2p4/3PpP2/2P5/1PBB1q2/1RK1N3 w - - 3 36,d2e3,f2e1,f2e1,3,3,0,1/2-1/2,37,VALUE,True,0.0382,-0.6533,-0.5801,0.3232,True,d2e3,36,-0.5094,-0.5094,True,1,-0.3623,3,d2e3,269,-0.4557,-0.4557,True,1,-0.3623,3
24h,36,65,w,3k3b/1p3p2/p1p1b3/P2p4/3PpP2/2P1B3/1PB5/1RK1q3 w - - 0 37,c2d1,e1e3,e1e3,3,3,99,1/2-1/2,35,OTHER(forced),True,1.0000,-0.3623,-0.7871,0.1345,True,c2d1,128,-0.8995,-0.8995,True,125,-0.9038,3,c2d1,1024,-0.9120,-0.9120,True,1021,-0.9126,3
24h,37,11,w,r1bq1bnr/pppp3p/4kp2/3Np2Q/1PB1P3/B6P/P1nP1PP1/R3K1NR w KQ - 0 10,e1d1,c2a3,c2a1,3,5,5,1/2-1/2,90,BUDGET,True,0.5303,0.4082,0.2236,0.1760,True,e1d1,54,0.2678,0.2678,True,50,0.2565,5,e1e2,170,0.2208,0.2208,True,166,0.2163,5
24h,37,41,w,2br1q1r/pp2n2Q/2ppkp2/4pN2/P1P1P2P/5NP1/5P2/3R1K2 w - - 3 25,f5e7,h8h7,h8h7,6,6,-3,1/2-1/2,60,BUDGET,False,0.3298,0.0459,0.3423,0.8486,True,f5g7,14,-0.7495,-0.7495,True,13,-0.8335,0,h7e7,112,-0.8505,-0.8505,True,111,-0.8612,-3
24h,37,45,w,2br4/pp5r/2ppkpNq/4p3/P1P1P2P/5NP1/5P2/3R1K2 w - - 2 27,d1e1,h6g6,h6g6,3,3,1,1/2-1/2,56,PRIOR,True,0.1643,-0.8080,-0.7354,0.2849,True,d1e1,30,-0.8936,-0.8936,True,0,nan,3,d1e1,240,-0.9363,-0.9363,True,0,nan,3
24h,38,71,w,3k4/p5b1/5p2/3p4/P3p3/1pBnP1P1/1P1N4/R2K3r w - - 5 40,d1e2,h1a1,h1a1,5,5,3,1/2-1/2,33,OTHER(forced),True,0.8608,-0.4756,-0.1436,0.9375,True,d1e2,64,-0.7456,-0.7456,True,63,-0.7551,5,d1e2,512,-0.7458,-0.7458,True,511,-0.7470,5
24h,40,17,w,rnb1k2r/bp3pp1/p4n1p/q3N3/N2p3P/8/PPP1BPP1/R1BQK2R w KQkq - 4 13,c2c3,a5e5,a5e5,3,3,3,1/2-1/2,91,OTHER(forced),True,0.4143,0.0977,-0.0488,0.9565,True,c2c3,43,-0.1295,-0.1295,True,42,-0.1314,3,c2c3,344,-0.1210,-0.1210,True,343,-0.1212,3
24h,40,63,w,2r3k1/4rpp1/5n1p/8/NP2P2P/P2n4/1K6/4R3 w - - 1 36,b2b3,d3e1,d3e1,5,5,5,1/2-1/2,45,OTHER(forced),True,0.7280,-0.7180,-0.8330,0.9946,True,b2b3,48,-0.9641,-0.9641,True,47,-0.9669,5,b2b3,384,-0.9665,-0.9665,True,383,-0.9668,5
24h,41,21,w,r3k2r/1qpn2bp/ppN2np1/1Q1p1p2/P2Pp2P/1PP1P3/5PP1/RNB1K2R w KQkq - 0 15,b5e2,b7c6,b7c6,3,3,3,0-1,89,BUDGET,False,0.6406,0.1895,0.1367,0.6880,True,b5a5,30,-0.2368,-0.2368,True,29,-0.2497,8,c6a5,112,-0.3015,-0.3015,True,111,-0.3055,8
24h,41,61,w,4k1rQ/3nbq1p/1pp5/3p4/3Pp3/2P1P1P1/5P2/N1B1K3 w - - 5 35,h8g8,f7g8,f7g8,4,4,6,0-1,49,OTHER(forced),True,0.4050,-0.4399,-0.0586,1.0000,True,h8g8,30,-0.8474,-0.8474,True,29,-0.8746,4,h8g8,240,-0.9023,-0.9023,True,239,-0.9058,4
24h,41,103,w,3k4/8/2p5/2pp3p/1B1Pnb2/4p3/6q1/1K6 w - - 0 56,b1a1,c5b4,c5b4,3,3,-1,0-1,7,BUDGET,True,0.1462,-0.9844,-0.9824,0.2554,True,b1a1,46,-0.9713,-0.9713,True,9,-0.8829,3,b4c3,92,-0.9819,-0.9819,True,9,-0.8829,3
24h,41,109,w,3k4/8/2p5/3p3p/3Pnb2/1p6/4p1q1/2K5 w - - 0 59,c1b1,e2e1q,e2e1q,8,8,8,0-1,1,BUDGET,True,0.5874,-0.9913,-0.9863,0.1453,True,c1b1,64,-0.9813,-0.9813,True,0,nan,8,c1b2,512,-0.9977,-0.9977,True,0,nan,8
24h,42,81,w,4b3/8/3k4/3P2p1/4Bp1p/1p3P1P/6P1/r1B3K1 w - - 2 45,g1f2,a1c1,a1c1,3,3,3,0-1,31,BUDGET,True,0.2678,-0.7828,-0.5576,0.5850,True,g1f2,39,-0.8932,-0.8932,True,38,-0.9020,3,g1f1,280,-0.9373,-0.9373,True,279,-0.9386,3
24h,42,91,w,8/8/3k4/3b2p1/5p1p/5P1P/2BK2P1/1qr5 w - - 0 50,c2g6,b1g6,b1g6,3,3,-6,0-1,21,BUDGET,True,0.1323,-0.9801,-0.9746,0.0227,True,c2g6,37,-0.9803,-0.9803,True,0,nan,3,d2d3,271,-0.9901,-0.9901,True,0,nan,3
24h,42,101,w,8/8/3k4/5Pp1/4b2p/3q3P/6p1/2K5 w - - 0 55,c1b2,g2g1q,g2g1q,8,8,8,0-1,11,BUDGET,False,0.3938,-0.9871,-0.9980,0.0489,True,f5f6,64,-0.9897,-0.9897,True,41,-0.9915,8,f5f6,512,-0.9886,-0.9886,True,74,-0.9799,8
24h,43,25,w,r2k1b1r/p2n4/5pBp/1Ppqp3/Q2p4/6RP/PP3P1P/R1B1K3 w Q - 7 17,g6f7,d5f7,d5f7,3,3,0,0-1,87,BUDGET,False,0.2451,0.1602,0.0190,0.2347,True,a4a5,30,-0.0067,-0.0067,True,25,-0.0759,0,b5b6,112,-0.0680,-0.0680,True,107,-0.0870,1
24h,43,79,w,8/3kr3/3b1p1p/4p3/1p1p4/1R3K1r/8/4R3 w - - 0 44,f3e4,h3b3,h3b3,5,5,5,0-1,33,OTHER(forced),True,0.7837,-0.8066,-0.8281,0.6333,True,f3e4,52,-0.9817,-0.9817,True,51,-0.9847,5,f3e4,410,-0.9892,-0.9892,True,409,-0.9896,5
24h,43,111,w,3r4/6R1/4kp2/2b1p2p/1p6/8/3pK3/2r5 w - - 4 60,g7g4,d2d1q,d2d1q,8,8,5,0-1,1,OTHER(forced),True,0.0255,-0.9704,-0.9951,0.0236,True,g7g4,36,-0.9591,-0.9591,True,0,nan,8,g7g4,269,-0.9841,-0.9841,True,0,nan,8
24h,44,15,w,rn2k2r/pp2ppb1/2p2n2/3p1PB1/3P2pP/2NB4/PqP1QPP1/R3K2R w KQkq - 0 12,e1g1,b2c3,b2c3,3,3,0,1/2-1/2,77,VALUE,True,0.3127,0.1836,0.3813,0.8462,True,e1g1,30,0.2772,0.2772,True,29,0.2753,3,e1g1,240,0.2416,0.2416,True,130,0.3377,3
24h,44,49,w,6r1/Q6r/2p2p1k/3p1Pb1/8/3B2P1/P1P2P2/5RK1 w - - 1 29,a7h7,h6h7,h6h7,4,4,0,1/2-1/2,43,BUDGET,False,0.9087,0.8486,0.9281,1.0000,True,a7a6,6,0.3577,0.3577,True,5,0.2437,0,a7d4,48,0.3743,0.3743,True,47,0.3625,0
24h,46,45,w,B3kr1b/3p4/2pP4/7p/4b1p1/2n3B1/3K1P1P/6NR w - - 2 27,a8b7,e4h1,e4h1,5,5,0,1/2-1/2,68,PRIOR,False,0.3037,-0.1128,0.1099,0.0371,True,f2f3,36,-0.3081,-0.3081,True,0,nan,0,a8b7,269,0.0114,0.0114,True,0,nan,5
24h,46,63,w,3k4/3p1b2/2pP4/4b3/5Np1/1r1B4/4KP1P/8 w - - 9 36,d3f5,e5f4,e5f4,3,3,1,1/2-1/2,50,PRIOR,True,0.1277,-0.4526,-0.6133,0.3032,True,d3f5,30,-0.7730,-0.7730,True,0,nan,3,d3f5,240,-0.7302,-0.7302,True,0,nan,3
24h,47,67,w,2rk4/1Qp1n3/1pbp1bq1/4pp2/p7/P1PP2PN/1P4K1/4R2R w - - 6 38,b7c6,e7c6,e7c6,6,6,9,1/2-1/2,51,OTHER(forced),True,0.0488,0.4707,0.0283,0.9795,True,b7c6,43,-0.7874,-0.7874,True,42,-0.8069,6,b7c6,344,-0.8215,-0.8215,True,343,-0.8240,6
24h,48,3,w,r1b1kbnr/ppp2p1p/2nppq2/6p1/1P2P3/3P1P2/P1P2KPP/RNBQ1BNR w kq - 1 6,b4b5,f6a1,f6a1,5,5,0,1/2-1/2,115,BUDGET,False,0.3904,0.0010,-0.0020,0.0327,True,d3d4,30,-0.0114,-0.0114,True,0,nan,1,d3d4,112,-0.0786,-0.0786,True,0,nan,1
24h,49,31,w,r3r3/1pkb2pp/p7/8/N2p1p1P/5P2/PBP1P1P1/2K2B1N w - - 1 20,a4b6,c7b6,c7b6,3,3,0,1/2-1/2,90,BUDGET,True,0.1271,-0.1855,0.0566,0.0835,True,a4b6,30,0.1201,0.1201,True,0,nan,3,a4c5,240,0.0828,0.0828,True,0,nan,0
24h,49,41,w,4r3/1p5p/p3bB2/k7/5p1P/5P2/PKP1P1P1/3r1B1N w - - 5 25,h1f2,d1f1,d1f1,3,3,0,1/2-1/2,80,VALUE,True,0.2537,-0.3735,-0.2588,0.3154,True,h1f2,30,-0.4491,-0.4491,True,18,-0.5979,3,h1f2,240,-0.6160,-0.6160,True,228,-0.6366,3
24h,49,111,w,8/5k2/5P2/pp6/8/K7/7p/8 w - - 0 60,a3b2,h2h1r,h2h1q,4,8,8,1/2-1/2,10,OTHER(forced),True,0.2297,-0.9340,-0.9775,0.9146,True,a3b2,54,-0.9933,-0.9933,True,53,-0.9936,8,a3b2,427,-0.9911,-0.9911,True,426,-0.9912,8
24h,50,15,w,r1b2b1r/pp2kppp/8/2p1p3/P1q5/7N/RP1P1PPP/2BQ1RK1 w - - 0 12,d1f3,c4a2,c4a2,5,5,0,0-1,111,BUDGET,False,0.0596,0.2539,0.0405,0.4824,True,d1e1,6,0.0527,0.0527,True,1,0.1943,5,a2a3,240,0.0572,0.0572,True,1,0.1943,0
24h,50,117,w,6r1/p6p/3k1p1P/2p1r3/2P2NP1/8/p7/6K1 w - - 8 63,g1h1,a2a1r,a2a1q,4,8,8,0-1,9,OTHER(forced),True,0.1904,-0.9793,-0.9746,0.6274,True,g1h1,37,-0.9884,-0.9884,True,36,-0.9888,8,g1h1,272,-0.9913,-0.9913,True,271,-0.9913,8
24h,51,27,w,r1b1k2r/3pn1p1/2p1ppq1/pp5p/Q1RP4/P1P4P/1P2BPP1/RNB3K1 w q - 0 18,a4b3,b5c4,b5c4,4,4,4,0-1,57,OTHER(forced),False,0.1371,0.4248,0.5354,0.4636,True,a4a5,2,0.2621,0.2621,True,1,-0.0112,8,a4b3,240,0.1808,0.1808,True,239,0.1793,4
24h,51,31,w,r3k2r/3pn1p1/b1p1ppq1/p6p/2QP4/P1P4P/1P2BPP1/RNB3K1 w q - 1 20,c4c5,a6e2,a6e2,3,3,1,0-1,53,PRIOR,True,0.0613,0.1191,0.2515,0.0745,True,c4c5,30,0.1495,0.1495,True,0,nan,3,c4c5,240,0.1318,0.1318,True,0,nan,3
24h,51,83,w,8/2kp1bp1/2p2p2/p1K1p3/P4P2/7P/6p1/8 w - - 0 46,f4e5,g2g1q,g2g1q,7,7,8,0-1,1,OTHER(forced),True,0.4277,-0.9694,-0.9922,0.4470,True,f4e5,54,-0.9994,-0.9994,True,52,-1.0000,7,f4e5,427,-0.9999,-0.9999,True,425,-1.0000,7
24h,52,19,w,r4rk1/pp2bp2/1qppnnp1/4p2p/4P3/1PNP1P1N/PBP3P1/1RKQ1B1R w - - 4 14,h3f2,b6f2,b6f2,3,3,0,0-1,113,BUDGET,False,0.1552,0.5957,0.5188,0.0578,True,a2a3,14,0.3442,0.3442,True,0,nan,0,c3e2,112,0.2498,0.2498,True,0,nan,0
24h,52,49,w,3r1Bk1/pp3p2/2pp2p1/4p1b1/P3P1p1/1P1P4/2P2Q2/1RK2B1q w - - 0 29,c1b2,g8f8,g8f8,3,3,3,0-1,83,OTHER(forced),True,0.6738,-0.0088,-0.1992,0.2021,True,c1b2,52,-0.3324,-0.3324,True,0,nan,3,c1b2,410,-0.1797,-0.1797,True,4,-0.0442,3
24h,52,81,w,8/r1Q2pk1/3p2p1/1P2p3/K2bP3/R2P2pB/5q2/8 w - - 0 45,c7a7,d4a7,d4a7,4,4,4,0-1,51,OTHER(forced),False,0.6367,-0.5732,-0.0283,0.5161,True,c7a5,48,-0.8509,-0.8509,True,47,-0.8684,4,c7a7,384,-0.8482,-0.8482,True,383,-0.8503,4
24h,52,103,w,8/5pk1/K2p2p1/1Pb1p3/R3P3/1q3Bp1/8/8 w - - 10 56,a4a5,b3f3,b3f3,3,3,3,0-1,29,BUDGET,False,0.2776,-0.7310,-0.9082,0.4102,True,a6a5,30,-0.9647,-0.9647,True,28,-0.9730,3,a4c4,112,-0.9767,-0.9767,True,110,-0.9790,5
24h,52,119,w,1K6/5pk1/1P1R2p1/4p3/8/8/6p1/1q6 w - - 0 64,b6b7,g2g1q,g2g1q,8,8,4,0-1,13,BUDGET,False,0.4014,-0.8680,-0.9316,0.7397,True,b8a7,14,-0.9419,-0.9419,True,1,-0.8103,8,b8a7,48,-0.9520,-0.9520,True,1,-0.8103,8
24h,53,49,w,2kr1r2/3b4/1npb4/1p1p2pP/p2P2P1/P1P2Q1P/1P3KN1/1R2R3 w - - 1 29,b1d1,f8f3,f8f3,4,4,2,1/2-1/2,42,BUDGET,False,0.1996,0.4785,0.6140,0.4099,True,e1e3,30,0.1973,0.1973,True,29,0.1829,4,e1h1,112,0.1127,0.1127,True,111,0.1082,4
24h,55,25,w,r2q1rk1/p4pp1/2p3np/2nbp3/Q1P5/1P1P1N1P/P2NBPP1/R3K2R w KQ - 1 17,c4d5,c5a4,c5a4,3,3,0,1/2-1/2,114,PRIOR,True,0.6597,0.0020,0.2061,0.1026,True,c4d5,30,0.1853,0.1853,True,0,nan,3,c4d5,240,0.1909,0.1909,True,0,nan,3
24h,55,41,w,5rk1/p4pp1/6np/8/2P1p3/3q1N1P/P4PP1/2R2RK1 w - - 0 25,f3e5,g6e5,g6e5,3,3,0,1/2-1/2,98,VALUE,True,0.1055,-0.1318,-0.5469,0.2046,True,f3e5,30,-0.4650,-0.4650,True,1,-0.2007,3,f3e5,240,-0.5205,-0.5205,True,1,-0.2007,3
24h,56,29,w,r1b1kbnr/6pp/pp2p3/2p5/5B2/P1Pn1P1P/1P4P1/RN1BK2R w KQkq - 2 19,e1d2,d3f4,d3f4,3,3,3,1/2-1/2,112,BUDGET,True,0.1998,-0.0498,-0.4062,0.8867,True,e1d2,54,-0.6657,-0.6657,True,53,-0.6707,3,e1e2,427,-0.7148,-0.7148,True,426,-0.7156,3
24h,56,73,w,1k6/6pp/2rbpn2/R1p5/P1P2n2/1N3P2/1K6/8 w - - 5 41,a5a8,b8a8,b8a8,5,5,-1,1/2-1/2,68,BUDGET,True,0.0850,-0.6760,-0.5430,0.3870,True,a5a8,30,-0.6806,-0.6806,True,0,nan,5,b2a3,112,-0.7454,-0.7454,True,0,nan,0
24h,58,63,w,r7/2kb1p1p/1R1p2p1/1p2p3/1P1pP2P/3P1PN1/r7/3R1K2 w - - 10 36,b6b5,d7b5,d7b5,4,4,4,1/2-1/2,81,OTHER(forced),True,0.2048,0.5713,-0.1758,0.9497,True,b6b5,30,-0.8137,-0.8137,True,29,-0.8357,4,b6b5,240,-0.7718,-0.7718,True,239,-0.7743,4
24h,58,103,w,1k6/5p1p/1r2b1p1/1P2p3/R3P2P/3K4/8/8 w - - 4 56,a4a8,b8a8,b8a8,5,5,0,1/2-1/2,41,PRIOR,True,0.1804,-0.5872,-0.4307,0.3123,True,a4a8,30,-0.6876,-0.6876,True,0,nan,5,a4a8,240,-0.7146,-0.7146,True,0,nan,5
24h,59,51,w,3r1k2/1Qb2pp1/2p1nq1p/1p2pN1P/1P2P1R1/2P2NP1/1P2BP2/r1B1K3 w - - 0 30,e2d3,d8d3,d8d3,3,3,2,0-1,29,BUDGET,True,0.0692,0.6162,0.5596,0.4011,True,e2d3,30,0.3645,0.3645,True,29,0.3577,3,e1f1,240,0.1497,0.1497,True,239,0.1480,3
24h,59,53,w,5k2/1Qb2pp1/2p1nq1p/1p2pN1P/1P2P1R1/2Pr1NP1/1P3P2/r1B1K3 w - - 0 31,e1e2,a1c1,a1c1,3,3,-3,0-1,27,VALUE,False,0.1704,0.4717,0.1641,0.2656,True,b7c8,30,0.3397,0.3397,True,1,0.3740,-3,e1e2,240,0.1682,0.1682,True,1,0.3740,3
24h,59,67,w,5k2/5pp1/2Q1n2p/1p5P/1P1bP1R1/2P1K1P1/1P3P2/2rq4 w - - 0 38,c3d4,c1c6,c1c6,6,6,99,0-1,13,OTHER(forced),True,1.0000,-0.3013,-0.1631,0.8184,True,c3d4,128,-0.9040,-0.9040,True,127,-0.9099,6,c3d4,1024,-0.9122,-0.9122,True,1023,-0.9129,6
24h,59,69,w,5k2/5pp1/2r1n2p/1p5P/1P1PP1R1/4K1P1/1P3P2/3q4 w - - 0 39,d4d5,d1g4,d1g4,5,5,1,0-1,11,BUDGET,False,0.7744,-0.8116,-0.8760,0.0476,True,f2f3,43,-0.9174,-0.9174,True,0,nan,1,f2f3,76,-0.9216,-0.9216,True,0,nan,1
24h,60,29,w,3rk2r/pp2bppp/2b1q3/6P1/1p2p3/4Q1B1/P1P1PP1P/R3KB1R w KQk - 2 19,f1h3,e6h3,e6h3,3,3,0,0-1,29,PRIOR,True,0.2283,-0.4683,-0.5000,0.0319,True,f1h3,30,-0.3107,-0.3107,True,0,nan,3,f1h3,240,-0.2959,-0.2959,True,0,nan,3
24h,63,97,w,3rkb2/1R6/5p2/4pN1p/4P1p1/p3B1P1/1p3PKP/3R4 w - - 2 53,b7b2,a3b2,a3b2,4,4,0,1/2-1/2,49,BUDGET,False,0.0859,0.7412,0.8146,0.8809,True,d1e1,30,0.2768,0.2768,True,29,0.2582,0,d1e1,112,0.1707,0.1707,True,111,0.1649,0
24h,63,123,w,5b2/8/4kp2/4pN1p/4r3/4B1P1/1RK2P2/8 w - - 0 66,b2b8,e6f5,e6f5,3,3,0,1/2-1/2,23,BUDGET,False,0.1345,0.5381,0.4424,0.7935,True,f5h4,2,0.2097,0.2097,True,1,-0.0229,0,f5h4,240,0.3749,0.3749,True,239,0.3747,0
24h,65,13,w,rnbqk2r/ppp2pb1/3p1n1p/3Pp2Q/P1B1P1pP/2P5/5PP1/RNB1K1NR w KQkq - 1 11,h5f7,e8f7,e8f7,8,8,0,0-1,71,BUDGET,True,0.6548,0.3096,0.2627,1.0000,True,h5f7,30,-0.2848,-0.2848,True,29,-0.3037,8,c1g5,112,-0.4281,-0.4281,True,111,-0.4343,9
24h,65,79,w,8/4rk2/3pb2p/1p3q1P/3K2pR/6P1/r7/8 w - - 1 44,h4g4,f5g4,f5g4,4,4,0,0-1,5,VALUE,True,0.1710,-0.9818,-0.9941,0.2732,True,h4g4,43,-0.9877,-0.9877,True,1,-0.9836,4,h4g4,344,-0.9889,-0.9889,True,1,-0.9836,4
24h,66,41,w,3q1r2/3n1pk1/1rQp4/2pPp1b1/P1P4p/3P1P1P/4BKP1/6NR w - - 0 25,c6b5,b6b5,b6b5,4,4,4,1/2-1/2,108,OTHER(forced),True,0.0291,0.4414,-0.3623,0.0349,True,c6b5,30,-0.2637,-0.2637,True,0,nan,4,c6b5,240,-0.4441,-0.4441,True,0,nan,4
24h,66,103,w,8/5k2/3p4/2pP2R1/4p3/3q1BK1/8/8 w - - 0 56,g3f2,e4f3,e4f3,3,3,0,1/2-1/2,46,BUDGET,True,0.0547,-0.4131,-0.4766,0.6318,True,g3f2,37,-0.8024,-0.8024,True,36,-0.8114,3,g5f5,54,-0.8285,-0.8285,True,53,-0.8351,0
24h,66,119,w,6k1/8/3p4/2pP1R2/8/3q1p2/8/5K2 w - - 14 64,f1f2,d3f5,d3f5,5,5,5,1/2-1/2,30,BUDGET,True,0.4700,-0.8042,-0.8203,0.9551,True,f1f2,54,-0.9835,-0.9835,True,53,-0.9866,5,f1g1,427,-0.9908,-0.9908,True,426,-0.9912,5
24h,66,131,w,8/7k/3p4/2p2q2/8/8/5p1K/8 w - - 0 70,h2h1,f2f1q,f2f1q,8,8,8,1/2-1/2,18,BUDGET,False,0.6426,-0.9770,-0.9932,0.0443,True,h2g2,53,-0.9919,-0.9919,True,0,nan,8,h2g2,427,-0.9928,-0.9928,True,0,nan,8
24h,68,79,w,7r/8/N2k1n2/1pp3R1/p2pPb2/P2P4/3K4/8 w - - 6 44,d2c2,f4g5,f4g5,5,5,5,1/2-1/2,14,OTHER(forced),True,0.6318,-0.5486,-0.5693,0.9561,True,d2c2,48,-0.9577,-0.9577,True,47,-0.9660,5,d2c2,384,-0.9652,-0.9652,True,383,-0.9662,5
24h,69,13,w,r1bq1b1r/ppp1k2p/4pp1p/7Q/2BPp2P/1PN3P1/P1n2P2/R3K1NR w KQ - 0 11,e1d2,c2a1,c2a1,5,5,5,1/2-1/2,78,OTHER(forced),True,0.2479,0.1641,-0.0078,0.2805,True,e1d2,48,0.2527,0.2527,True,1,0.4395,5,e1d2,384,0.1279,0.1279,True,1,0.4395,5
24h,69,21,w,r1bkqb1r/ppp4p/4pp1p/2Q5/2BPp2P/1PN3P1/3KNP2/7R w - - 3 15,h1e1,f8c5,f8c5,6,6,0,1/2-1/2,70,BUDGET,False,0.1504,0.6191,0.0005,0.6128,True,c4b5,30,-0.7011,-0.7011,True,29,-0.7253,6,c4b5,48,-0.7187,-0.7187,True,47,-0.7340,6
24h,69,83,w,8/6r1/2k4p/prq1p3/3pRp2/5P2/K7/8 w - - 0 46,e4f4,e5f4,e5f4,4,4,0,1/2-1/2,8,VALUE,False,0.1453,-0.9871,-0.9980,0.1426,True,e4e2,6,-0.9937,-0.9937,True,4,-0.9947,0,e4f4,336,-0.9841,-0.9841,True,5,-0.7958,4
24h,70,41,w,3k2rq/1p1n1p2/4pP1p/p1ppP1r1/5Q1N/P1P4P/P4PB1/4R1K1 w - - 2 25,h4f3,g5g2,g5g2,3,3,0,1/2-1/2,113,BUDGET,True,0.2717,0.0430,0.0747,0.0580,True,h4f3,30,0.1635,0.1635,True,0,nan,3,f4a4,240,0.1304,0.1304,True,0,nan,0
24h,70,75,w,6r1/5p2/1p1kp3/p1p3p1/P1R3K1/P1P1nP1P/8/8 w - - 3 42,g4g3,e3c4,e3c4,5,5,5,1/2-1/2,79,OTHER(forced),True,0.6807,-0.7197,-0.7168,0.9536,True,g4g3,64,-0.9866,-0.9866,True,63,-0.9909,5,g4g3,512,-0.9942,-0.9942,True,511,-0.9948,5
24h,70,139,w,5r2/8/1p2n3/p1p5/P1P3k1/P1K5/5p2/8 w - - 0 74,c3b2,f2f1q,f2f1q,8,8,8,1/2-1/2,15,OTHER(forced),True,0.2556,-0.9802,-0.9971,0.2252,True,c3b2,52,-0.9735,-0.9735,True,1,-0.9853,8,c3b2,410,-0.9812,-0.9812,True,1,-0.9853,8
24h,72,45,w,1rb2rk1/4n1p1/1p2p3/pB1pPp1R/P1pQ4/2P1Pq2/1P6/R1BK4 w - - 0 27,d1c2,f3h5,f3h5,5,5,5,1/2-1/2,64,BUDGET,True,0.5737,0.1406,-0.1660,0.5723,True,d1c2,54,-0.2826,-0.2826,True,1,0.2705,5,d1e1,427,-0.4008,-0.4008,True,1,0.2705,5
24h,72,73,w,2b1B1k1/1r2B1p1/1p2p3/p2p3R/P1p1p3/2P2n2/1r6/3K4 w - - 6 41,d1c1,b7e7,b7e7,3,3,0,1/2-1/2,36,BUDGET,False,0.2136,-0.7239,-0.7588,0.0370,True,e7d8,30,-0.7820,-0.7820,True,0,nan,0,e7d8,240,-0.8333,-0.8333,True,0,nan,0
24h,72,77,w,2b3k1/4r1p1/1p2p1B1/p2p3R/P1p1p3/2P2n2/6r1/2K5 w - - 2 43,g6f7,g8f7,g8f7,3,3,0,1/2-1/2,32,PRIOR,True,0.0171,-0.9188,-0.8926,0.4746,True,g6f7,30,-0.9768,-0.9768,True,0,nan,3,g6f7,240,-0.9823,-0.9823,True,0,nan,3
24h,73,25,w,rn2kbnr/ppp2q2/7p/4p1BN/1PPp2R1/3P1p2/P4PP1/R2QKB2 w Qkq - 1 17,g4h4,h6g5,h6g5,3,3,-1,0-1,43,BUDGET,False,0.0446,0.0625,0.0835,0.2148,True,g5d8,14,-0.1157,-0.1157,True,0,nan,3,g5d2,112,-0.1778,-0.1778,True,0,nan,3
24h,73,31,w,rn2kbnr/ppp5/8/4p2N/1PPp3p/3P1P2/P4P2/R3KB2 w Qkq - 0 20,f1h3,h8h5,h8h5,3,3,2,0-1,37,PRIOR,True,0.0479,-0.7814,-0.7158,0.0978,True,f1h3,30,-0.8469,-0.8469,True,0,nan,3,f1h3,240,-0.8469,-0.8469,True,0,nan,3
24h,73,63,w,3r1k1r/ppp1n3/2nbB3/6R1/3pKp2/3P4/5P1p/8 w - - 2 36,g5g4,h2h1q,h2h1q,8,8,2,0-1,5,BUDGET,True,0.0601,-0.9503,-0.9805,0.8267,True,g5g4,30,-0.9653,-0.9653,True,1,-0.9513,8,e6h3,48,-0.9757,-0.9757,True,1,-0.9513,8
24h,73,65,w,3r1k1r/ppp1n3/2nbB3/8/3pKpR1/3P4/5P2/7q w - - 0 37,g4g2,h1g2,h1g2,5,5,0,0-1,3,VALUE,True,0.0706,-0.9514,-0.9873,0.3284,True,g4g2,64,-0.9638,-0.9638,True,15,-0.9236,5,g4g2,512,-0.9810,-0.9810,True,15,-0.9236,5
24h,75,67,w,3q1rk1/5pb1/1p3n1p/3p2p1/b1rP4/1QP1BPN1/1PN2PK1/4R2R w - - 13 38,b3a3,a4c2,a4c2,3,3,3,0-1,91,OTHER(forced),True,0.0075,0.0752,0.0923,0.4316,True,b3a3,30,-0.2753,-0.2753,True,29,-0.2880,3,b3a3,240,-0.3551,-0.3551,True,239,-0.3569,3
24h,75,85,w,2rq1k2/1Q2rpb1/1p3nbp/3p2p1/3P4/2P1BPN1/1P3PK1/4R2R w - - 16 47,b7a7,e7a7,e7a7,9,9,0,0-1,73,PRIOR,True,0.0948,0.1338,-0.1055,0.0104,True,b7a7,30,-0.2722,-0.2722,True,0,nan,9,b7a7,240,-0.2590,-0.2590,True,0,nan,9
24h,77,17,w,r1bk1b1r/5ppp/pp1p4/2pPp3/4P3/3PB3/PPn2PPP/R3KBNR w KQ - 1 13,e1d1,c2a1,c2a1,5,5,5,1/2-1/2,142,OTHER(forced),True,0.5723,0.1133,-0.0771,0.8691,True,e1d1,54,-0.2518,-0.2518,True,52,-0.2640,5,e1d1,427,-0.2386,-0.2386,True,425,-0.2400,5
24h,77,103,w,3k4/8/1p1p4/p1pPp1r1/P3B3/1P1P1K1r/4N3/7n w - - 1 56,e2g3,h1g3,h1g3,3,3,99,1/2-1/2,56,OTHER(forced),True,1.0000,-0.7737,-0.8643,0.8140,True,e2g3,128,-0.9756,-0.9756,True,127,-0.9764,3,e2g3,1024,-0.9815,-0.9815,True,1023,-0.9816,3
24h,77,105,w,3k4/8/1p1p4/p1pPp1r1/P3B3/1P1P1Knr/8/8 w - - 0 57,f3g2,g3e4,g3e4,3,3,0,1/2-1/2,54,BUDGET,False,0.1213,-0.9100,-0.9678,0.1458,True,d3d4,39,-0.9740,-0.9740,True,1,-0.9418,1,d3d4,127,-0.9779,-0.9779,True,1,-0.9418,1
24h,79,41,w,5rk1/p1p2ppp/2q1r3/1p6/1Pn1p1Q1/P1P4P/1BP3P1/R3R1K1 w - - 1 25,g4f4,c4b2,c4b2,3,3,0,1/2-1/2,67,BUDGET,False,0.1470,0.1035,-0.1602,0.1699,True,a1d1,14,-0.2207,-0.2207,True,1,-0.0625,3,a1d1,112,-0.3214,-0.3214,True,1,-0.0625,3
24h,81,49,w,4r2r/pb1kq3/1p2pp1N/1P1p2pp/P1pP1Q2/7P/2P1BPP1/4R1K1 w - - 0 29,f4g3,h8h6,h8h6,3,3,3,1/2-1/2,60,OTHER(forced),False,0.4153,-0.0381,0.2051,0.5684,True,f4e3,14,-0.1871,-0.1871,True,13,-0.2173,3,f4g3,240,-0.1892,-0.1892,True,239,-0.1908,3
24h,82,35,w,1r2r3/NB1npkbp/6p1/8/5Pp1/P3B3/1Pn2N1P/4R1K1 w - - 0 22,e1d1,b8b7,b8b7,3,3,0,0-1,85,PRIOR,True,0.0461,-0.0952,-0.0898,0.0787,True,e1d1,30,-0.2929,-0.2929,True,0,nan,3,e1d1,240,-0.2180,-0.2180,True,0,nan,3
24h,82,61,w,8/3kp2p/3b2p1/8/2r5/2B3K1/7P/8 w - - 2 35,g3h3,c4c3,c4c3,3,3,3,0-1,59,OTHER(forced),True,0.2361,-0.9486,-0.9707,0.9795,True,g3h3,52,-0.9944,-0.9944,True,51,-0.9948,3,g3h3,410,-0.9924,-0.9924,True,409,-0.9925,3
24h,82,101,w,7b/8/4k2P/6K1/8/8/4p3/7r w - - 0 55,h6h7,e2e1q,e2e1q,8,8,8,0-1,19,BUDGET,True,0.1307,-0.9713,-0.9805,0.0293,True,h6h7,48,-0.9929,-0.9929,True,0,nan,8,g5f4,128,-0.9942,-0.9942,True,0,nan,8
24h,83,29,w,N6r/pp2kpp1/2pbbn1p/8/4P3/3P1B2/PPP2PPP/R2Q1RK1 w - - 6 19,f1e1,h8a8,h8a8,3,3,3,1/2-1/2,138,BUDGET,True,0.3867,0.9160,0.9437,0.1818,True,f1e1,30,0.9346,0.9346,True,0,nan,3,d3d4,112,0.9015,0.9015,True,67,0.8728,3
24h,83,53,w,8/ppk5/2p1Q3/7p/5Pr1/3P4/PPP2PBP/3R2K1 w - - 0 31,e6g4,h5g4,h5g4,4,4,0,1/2-1/2,114,VALUE,True,0.8857,0.9854,0.9834,0.7754,True,e6g4,30,0.9944,0.9944,True,22,0.9942,4,e6g4,240,0.9953,0.9953,True,232,0.9953,4
24h,83,115,w,8/8/8/2kP4/2B5/P4P2/P4K2/R7 w - - 5 62,f2e2,c5c4,c5c4,3,3,0,1/2-1/2,52,VALUE,True,0.0806,0.9990,0.9960,0.3230,True,f2e2,30,0.9978,0.9978,True,26,0.9977,3,f2e2,240,0.9972,0.9972,True,236,0.9972,3
24h,85,29,w,1rbq1rk1/1p3p2/p1n3p1/2p3b1/4Npp1/1N1P3Q/PPP2PBP/R4RK1 w - - 0 19,e4f6,d8f6,d8f6,3,3,5,0-1,93,OTHER(forced),True,0.0024,0.0742,-0.0762,0.1740,True,e4f6,30,-0.5004,-0.5004,True,0,nan,3,e4f6,240,-0.5019,-0.5019,True,0,nan,3
24h,85,31,w,1rb2rk1/1p3p2/p1n2qp1/2p3b1/5pp1/1N1P3Q/PPP2PBP/R4RK1 w - - 0 20,h3h7,g8h7,g8h7,9,9,6,0-1,91,BUDGET,False,0.4146,-0.2788,-0.3564,1.0000,True,g2c6,14,-0.8662,-0.8662,True,13,-0.9054,6,g2c6,240,-0.8979,-0.8979,True,239,-0.9002,6
24h,85,119,w,3rB3/6k1/p4n2/Pp6/3b4/5pp1/r7/5K2 w - - 0 64,f1e1,d8e8,d8e8,3,3,1,0-1,3,BUDGET,False,0.1669,-0.9868,-0.9961,0.5815,True,e8g6,20,-0.9937,-0.9937,True,1,-0.9896,3,e8b5,335,-0.9929,-0.9929,True,1,-0.9896,2
24h,87,61,w,2br1r2/p1p5/1pn3k1/6bN/5p2/8/PPP3P1/4RRK1 w - - 0 35,f1f3,g6h5,g6h5,3,3,-1,0-1,31,BUDGET,True,0.1980,-0.5117,-0.5293,0.3635,True,f1f3,30,-0.7660,-0.7660,True,0,nan,3,e1e4,112,-0.8466,-0.8466,True,0,nan,3
24h,88,41,w,1q3rk1/3bn1p1/p4p2/3pb3/p4R2/P2B3P/6PK/3Q4 w - - 0 25,d1h5,e5f4,e5f4,5,5,2,0-1,49,VALUE,False,0.4634,-0.5850,-0.5635,0.3064,True,d3h7,14,-0.7853,-0.7853,True,11,-0.8579,3,d1h5,240,-0.8393,-0.8393,True,237,-0.8433,5
24h,88,89,w,6k1/6p1/8/3p1p1B/p2nb3/P3b3/8/2r2K2 w - - 6 49,h5d1,c1d1,c1d1,3,3,99,0-1,1,OTHER(forced),True,1.0000,-0.9769,-0.9902,0.5103,True,h5d1,128,-0.9999,-0.9999,True,127,-1.0000,3,h5d1,1024,-1.0000,-1.0000,True,1023,-1.0000,3
24h,89,21,w,N1b2k1r/1p2bp1p/2n5/6B1/p1B1n3/6K1/PqP3PP/R2Q2NR w - - 0 15,g3f4,e4g5,e4g5,3,3,3,1/2-1/2,76,BUDGET,False,0.3477,0.4688,-0.1270,0.1019,True,g3f3,53,-0.1869,-0.1869,True,50,-0.2001,3,g3f3,427,-0.2484,-0.2484,True,424,-0.2504,3
24h,89,61,w,8/1K5p/1N6/5Bk1/8/p7/P5PP/R7 w - - 1 35,b7c6,g5f5,g5f5,3,3,-1,1/2-1/2,36,BUDGET,True,0.0896,0.9980,0.9894,0.2222,True,b7c6,30,0.9948,0.9948,True,22,0.9938,3,h2h3,112,0.9940,0.9940,True,104,0.9937,3
24h,90,43,w,1r6/p3b1pk/3qb2p/2p1p1nP/2B1P3/2PP4/PP1K1Q2/R1B4R w - - 1 26,a2a4,e6c4,e6c4,3,3,0,1/2-1/2,100,PRIOR,True,0.0764,-0.2764,0.4536,0.1681,True,a2a4,30,0.2072,0.2072,True,0,nan,3,a2a4,240,0.1859,0.1859,True,0,nan,3
24h,90,123,w,3k4/p1b5/8/4R2p/5Kp1/1b6/8/8 w - - 6 66,f4g3,c7e5,c7e5,5,5,2,1/2-1/2,20,BUDGET,False,0.5234,-0.4556,-0.4336,0.8193,True,f4f5,8,-0.9200,-0.9200,True,7,-0.9894,2,f4f5,68,-0.9824,-0.9824,True,67,-0.9906,2
24h,91,19,w,rn2kb1r/pb2q2p/1p2Bnp1/3p4/5P2/5QP1/PPP3KP/RNB3NR w kq - 0 14,b1c3,e7e6,e7e6,3,3,-1,1/2-1/2,145,PRIOR,True,0.4104,0.3164,0.1309,0.0921,True,b1c3,30,0.2158,0.2158,True,0,nan,3,b1c3,240,0.2430,0.2430,True,0,nan,3
24h,91,23,w,rn2k2r/pb2b2p/1p2qnp1/3p4/5P2/2N2QPN/PPP3KP/R1B4R w kq - 2 16,h1e1,e6e1,e6e1,5,5,-1,1/2-1/2,141,BUDGET,False,0.7153,0.0371,-0.2930,0.0270,True,h3g5,14,-0.1083,-0.1083,True,4,-0.4358,0,h3g5,48,-0.4377,-0.4377,True,38,-0.5589,0
24h,91,45,w,2rr2k1/p3b3/1pb2n1B/2np1QNq/P7/2P3P1/1P3NKP/R7 w - - 3 27,a1e1,h5h6,h5h6,3,3,0,1/2-1/2,119,VALUE,True,0.2339,0.2178,-0.2158,0.5640,True,a1e1,30,-0.0962,-0.0962,True,26,-0.1234,3,a1e1,240,-0.2221,-0.2221,True,236,-0.2272,3
24h,92,49,w,b1rr4/p2qb1k1/1pn1p2N/2p2p1P/3p1P2/P1PP1BP1/1PQ1N1K1/1RB1R3 w - - 2 29,c1d2,g7h6,g7h6,3,3,0,1/2-1/2,87,VALUE,False,0.1176,0.7451,0.5847,0.2247,True,c3c4,14,0.6091,0.6091,True,1,0.7803,3,c1d2,240,0.5599,0.5599,True,1,0.7803,3
24h,92,59,w,b1rr4/p2q4/1pn1pb1k/2p2p1P/5P2/P1pP1BPR/1PQBN1K1/7R w - - 0 34,c2c3,f6c3,f6c3,5,5,-1,1/2-1/2,77,PRIOR,True,0.0213,0.7559,0.5745,0.0340,True,c2c3,30,0.6113,0.6113,True,0,nan,5,c2c3,240,0.6336,0.6336,True,0,nan,5
24h,92,107,w,2q5/1R6/1p4k1/8/8/P1K5/1P6/8 w - - 5 58,c3b4,c8b7,c8b7,5,5,5,1/2-1/2,29,OTHER(forced),True,0.5835,-0.3379,-0.5703,0.9272,True,c3b4,43,-0.9048,-0.9048,True,42,-0.9128,5,c3b4,344,-0.9003,-0.9003,True,343,-0.9012,5
24h,93,85,w,6k1/3b3p/2p3p1/1p1pK1P1/p2P4/P1PBNr2/1P6/8 w - - 0 47,e5d6,f3e3,f3e3,3,3,2,1/2-1/2,70,BUDGET,True,0.2209,-0.3584,-0.4453,0.1417,True,e5d6,30,-0.5282,-0.5282,True,0,nan,3,d3c2,240,-0.6915,-0.6915,True,0,nan,3
24h,93,131,w,8/3Pk3/2Br2P1/1p2K3/p7/P7/8/8 w - - 3 70,g6g7,d6c6,d6c6,3,3,0,1/2-1/2,24,BUDGET,True,0.2502,0.4424,0.5332,0.0573,True,g6g7,30,0.5375,0.5375,True,0,nan,3,e5f5,112,0.0463,0.0463,True,0,nan,3
24h,94,35,w,r1b1k3/1ppp4/2n1p3/p4p2/Q2P4/P1PBPNP1/1P3P2/R3K2q w Q - 2 22,e1e2,h1a1,h1a1,5,5,3,1/2-1/2,81,OTHER(forced),True,0.5444,0.5410,0.5117,0.1780,True,e1e2,48,0.2398,0.2398,True,47,0.2347,5,e1e2,384,0.1719,0.1719,True,383,0.1711,5
24h,94,81,w,r7/Q2nk3/2qpp3/8/3PN3/5KP1/5P2/8 w - - 3 45,d4d5,a8a7,a8a7,9,9,4,1/2-1/2,35,OTHER(forced),True,0.0789,0.1299,-0.4453,0.9780,True,d4d5,30,-0.6392,-0.6392,True,29,-0.6459,9,d4d5,240,-0.7284,-0.7284,True,239,-0.7295,9
24h,95,25,w,r1bq1rk1/1p3p2/2p3pB/p2p1n2/2BQn3/2P2N1P/P1P2PP1/R3K1R1 w Q - 1 17,c4d3,f5d4,f5d4,6,6,1,1/2-1/2,126,PRIOR,True,0.0657,0.0117,0.2656,0.2191,True,c4d3,30,-0.1115,-0.1115,True,0,nan,6,c4d3,240,-0.2007,-0.2007,True,0,nan,6
24h,95,39,w,r1b5/1p3pk1/2p2qp1/p7/P3p3/R4N1P/2P2PP1/4K1R1 w - - 0 24,f3g5,f6g5,f6g5,3,3,0,1/2-1/2,112,PRIOR,True,0.3999,-0.7244,-0.6113,0.1242,True,f3g5,30,-0.7043,-0.7043,True,0,nan,3,f3g5,240,-0.7490,-0.7490,True,0,nan,3
24h,95,101,w,8/1KP1k3/8/3b1p2/6p1/8/4p1P1/8 w - - 2 55,b7b8,e2e1q,e2e1q,8,8,8,1/2-1/2,50,OTHER(forced),False,0.2834,-0.9312,-0.9473,0.7773,True,b7a7,52,-0.7881,-0.7881,True,36,-0.8233,8,b7b8,410,-0.8687,-0.8687,True,394,-0.8752,8
24h,96,23,w,1r2kb1r/4p2p/ppn2np1/2B5/1P2p3/2P1N1P1/b4PBP/2KR2NR w - - 0 16,c1b2,b6c5,b6c5,3,3,0,1/2-1/2,94,VALUE,True,0.0753,0.2324,0.0747,0.4697,True,c1b2,30,0.1555,0.1555,True,27,0.1507,3,c1b2,240,0.1307,0.1307,True,237,0.1298,3
24h,96,77,w,8/1n3k1p/2N1p1p1/2K5/5n2/7B/7P/8 w - - 13 43,c5b6,f4h3,f4h3,3,3,3,1/2-1/2,40,OTHER(forced),True,0.1466,-0.4072,-0.4414,0.9473,True,c5b6,52,-0.6988,-0.6988,True,51,-0.7039,3,c5b6,410,-0.7025,-0.7025,True,409,-0.7031,3
24h,98,37,w,r1b1r3/pp1n1kpp/1q3p1n/4p2P/2P2R2/P1B2NP1/4Q1P1/3RKB2 w - - 0 23,c4c5,e5f4,e5f4,4,4,-1,1/2-1/2,172,BUDGET,False,0.0628,0.0771,0.2358,0.0495,True,c3e5,30,-0.0332,-0.0332,True,0,nan,-1,c3e5,112,-0.0585,-0.0585,True,0,nan,-1
24h,98,73,w,2k5/1R1n2pp/8/2r2p1P/4BPb1/8/5KP1/8 w - - 0 41,b7a7,f5e4,f5e4,3,3,0,1/2-1/2,136,BUDGET,False,0.1074,-0.1069,-0.5283,0.9326,True,h5h6,14,-0.6681,-0.6681,True,12,-0.7172,3,h5h6,240,-0.6661,-0.6661,True,238,-0.6686,3
24h,98,159,w,2kn4/7R/4r3/5K2/8/3b4/8/8 w - - 38 84,f5g5,d3h7,d3h7,5,5,5,1/2-1/2,50,BUDGET,False,0.3748,-0.2754,-0.5107,0.9023,True,f5g4,21,-0.9622,-0.9622,True,20,-0.9847,5,f5g4,170,-0.9846,-0.9846,True,169,-0.9874,5
24h,99,89,w,4B3/8/4br2/3p2k1/4p1p1/2R1P1P1/1r3PK1/4R3 w - - 1 49,e8h5,g5h5,g5h5,3,3,0,1/2-1/2,121,BUDGET,False,0.1584,0.2666,-0.1826,0.3232,True,e8a4,2,-0.0703,-0.0703,True,1,0.0420,1,e1c1,16,-0.3242,-0.3242,True,14,-0.3916,1
24h,100,41,w,r2q1kr1/1R2n2p/2pnb1pP/p2p2P1/P3p3/2P1P3/1P1NBPQ1/2B1K1NR w K - 1 25,d2b3,d6b7,d6b7,5,5,0,1/2-1/2,84,BUDGET,True,0.1320,0.6592,0.7673,0.5669,True,d2b3,30,0.4723,0.4723,True,29,0.4621,5,g1f3,112,0.3419,0.3419,True,111,0.3381,5
24h,100,57,w,r3k1r1/2Qbn2p/2p3pP/p2p2P1/P2Np2R/2PnP3/3BKP2/1q1B2N1 w - - 8 33,d1c2,b1g1,b1g1,3,3,-1,1/2-1/2,68,PRIOR,True,0.1342,0.3604,0.3862,0.0487,True,d1c2,30,0.3651,0.3651,True,0,nan,3,d1c2,240,0.3461,0.3461,True,0,nan,3
24h,100,63,w,r3k1r1/2Qbn2p/2p3pP/p2p2q1/P2N3R/2PKP3/3B1P2/8 w - - 0 36,h4h3,d7h3,d7h3,5,5,0,1/2-1/2,62,BUDGET,False,0.0307,0.3809,0.2261,0.0369,True,h4f4,30,0.1781,0.1781,True,0,nan,1,h4f4,112,0.0940,0.0940,True,0,nan,1
24h,104,32,b,r4rk1/3q1pp1/n4N1p/5P2/8/p4NP1/P1R2PBP/3QR1K1 b - - 0 20,g7f6,d1d7,d1d7,6,6,9,1/2-1/2,20,BUDGET,True,0.9907,-0.6064,-0.6934,0.9819,True,g7f6,64,-0.9495,-0.9495,True,63,-0.9535,6,g8h8,512,-0.9611,-0.9611,True,511,-0.9616,9
24h,104,34,b,r4rk1/3Q1p2/n4p1p/5P2/8/p4NP1/P1R2PBP/4R1K1 b - - 0 21,a6c5,c2c5,c2c5,3,3,0,1/2-1/2,18,BUDGET,True,0.1659,-0.8904,-0.9639,0.0435,True,a6c5,30,-0.9354,-0.9354,True,0,nan,3,f8b8,48,-0.9502,-0.9502,True,0,nan,0
24h,105,44,b,4Q2k/pp4rp/n1p2q1p/2PB4/3P1P2/P3P1bP/1P6/3R1RK1 b - - 1 26,g7g8,d5g8,d5g8,5,5,9,1-0,9,OTHER(forced),True,0.6436,0.2051,-0.4316,0.2375,True,g7g8,64,-0.6169,-0.6169,True,62,-0.6246,5,g7g8,512,-0.4800,-0.4800,True,510,-0.4804,5
24h,106,10,b,r1bqk1nr/p1p2pp1/p3p2p/3P4/Qb1PP3/2N2N1P/PP3PP1/R1B1K2R b KQq - 1 9,c8d7,a4b4,a4b4,3,3,3,1/2-1/2,43,OTHER(forced),False,0.7856,-0.1792,-0.1562,0.6338,True,c7c6,52,-0.4615,-0.4615,True,51,-0.4675,3,c8d7,410,-0.4140,-0.4140,True,409,-0.4146,3
24h,106,26,b,4k2r/p1p1npp1/p3q2p/2Q5/3NP3/2N1B2P/P1r2PP1/R4RK1 b - - 3 17,e6g6,d4c2,d4c2,5,5,3,1/2-1/2,27,BUDGET,True,0.1958,-0.5859,-0.6777,0.3535,True,e6g6,30,-0.8296,-0.8296,True,29,-0.8348,5,e6d7,240,-0.8530,-0.8530,True,239,-0.8537,5
24h,106,34,b,1Q2kr2/4npp1/p1p3qp/8/4P3/2N1B2P/P1N2PP1/3R1RK1 b - - 2 21,e7c8,b8c8,b8c8,3,3,99,1/2-1/2,19,OTHER(forced),True,1.0000,-0.8110,-0.8867,0.1775,True,e7c8,128,-0.8972,-0.8972,True,1,-0.8463,3,e7c8,1024,-0.8949,-0.8949,True,1,-0.8463,3
24h,108,6,b,rnbqkb1r/2p1pp1p/6pn/1P1p4/1p5P/1R6/PB1PPPP1/RN1QKBN1 b Qkq - 1 7,h6f5,b2h8,b2h8,5,5,1,1/2-1/2,54,BUDGET,False,0.2632,0.0811,0.1006,0.0739,True,h8g8,30,0.0421,0.0421,True,0,nan,1,h8g8,112,-0.0463,-0.0463,True,0,nan,1
24h,108,18,b,1n2kb2/2p1pp1p/4b1p1/1q1p1n2/7P/1Q3N2/PB1PPPP1/RN2KB2 b Q - 1 13,b5c6,b3b8,b3b8,3,3,0,1/2-1/2,42,BUDGET,True,0.0200,-0.2246,-0.3018,0.0640,True,b5c6,30,-0.2404,-0.2404,True,0,nan,3,b5d7,240,-0.3528,-0.3528,True,0,nan,3
24h,108,20,b,1Q2kb2/2p1pp1p/2q1b1p1/3p1n2/7P/5N2/PB1PPPP1/RN2KB2 b Q - 0 14,e8d7,b8f8,b8f8,3,3,3,1/2-1/2,40,OTHER(forced),True,0.9570,-0.3950,-0.7461,0.0261,True,e8d7,64,-0.6428,-0.6428,True,0,nan,3,e8d7,512,-0.7108,-0.7108,True,0,nan,3
24h,108,28,b,5Q2/2pkpp1p/4b1p1/3p1n2/6PP/2N2N2/P1qPPP2/3RKB2 b - - 0 18,f5h6,f8h6,f8h6,3,3,0,1/2-1/2,32,BUDGET,True,0.0960,-0.4194,-0.6768,0.0378,True,f5h6,30,-0.6230,-0.6230,True,0,nan,3,f5e3,240,-0.7139,-0.7139,True,0,nan,3
24h,109,12,b,1nbqkb1r/4pp1p/r4n2/p2p4/3P1Q2/P1P5/1P2P1PP/RNB1KBNR b KQk - 0 10,f8g7,f4b8,f4b8,3,3,0,1/2-1/2,49,BUDGET,False,0.0384,-0.0181,-0.1367,0.0286,True,c8g4,30,-0.1139,-0.1139,True,0,nan,0,c8g4,112,-0.2011,-0.2011,True,0,nan,0
24h,109,44,b,6k1/5p2/3b3p/p2p3n/8/P1PNPN2/1P4q1/R1BK2R1 b - - 3 26,d6g3,g1g2,g1g2,9,9,4,1/2-1/2,17,BUDGET,False,0.3374,-0.2192,0.2754,0.9697,True,g2g1,30,-0.9325,-0.9325,True,29,-0.9741,4,h5f4,48,-0.9468,-0.9468,True,47,-0.9728,4
24h,110,26,b,2kr3r/1pp3p1/p1nb4/q3pQ1p/6nP/PPB1PN2/3PBPP1/R3K2R b KQ - 0 17,d8d7,c3a5,c3a5,6,6,6,1/2-1/2,35,BUDGET,True,0.1748,-0.0742,0.1265,0.6475,True,d8d7,64,-0.5902,-0.5902,True,63,-0.6016,6,c8b8,512,-0.6792,-0.6792,True,511,-0.6808,6
24h,110,34,b,2k4r/1ppr4/p2bQ1p1/4p2p/1P4nP/Pn2PN2/3PBPP1/1R2K2R b K - 1 21,h8e8,e6e8,e6e8,5,5,2,1/2-1/2,27,BUDGET,False,0.2793,-0.6003,-0.6865,0.1395,True,b3d4,30,-0.7076,-0.7076,True,1,-0.4600,2,e5e4,240,-0.7483,-0.7483,True,1,-0.4600,3
24h,113,28,b,2kr3r/ppp1np2/1qn1b2p/6p1/N2P4/4P1N1/1P1Q1PPP/2RB1RK1 b - - 7 18,e6b3,a4b6,a4b6,6,6,0,1/2-1/2,41,PRIOR,True,0.0078,-0.0088,-0.0859,0.0393,True,e6b3,30,-0.2082,-0.2082,True,0,nan,6,e6b3,240,-0.1985,-0.1985,True,0,nan,6
24h,113,44,b,2k2r2/1pprn3/1pn1B3/8/3PN1Q1/4P2P/1P3P1P/2R2RK1 b - - 2 26,e7d5,e6d7,e6d7,5,5,2,1/2-1/2,25,BUDGET,False,0.1490,-0.8809,-0.9531,0.8555,True,b6b5,6,-0.9320,-0.9320,True,1,-0.8971,5,f8d8,16,-0.9644,-0.9644,True,1,-0.8971,2
24h,114,20,b,r1b1k2r/p3bppp/1p6/3q4/3p4/3P1B2/PP3PPP/1RBQK2R b Kkq - 1 14,d5a2,f3a8,f3a8,4,4,0,1-0,49,VALUE,False,0.5728,0.0713,-0.0254,0.9126,True,d5e5,14,0.0078,0.0078,True,1,0.0059,0,d5a2,240,0.0842,0.0842,True,9,0.1005,4
24h,114,36,b,5rk1/p2Q1b1p/1p1b2p1/8/3pB3/3P4/1P3PPP/1qB2RK1 b - - 1 22,g8g7,d7d6,d7d6,3,3,1,1-0,33,BUDGET,True,0.3496,0.1113,0.2744,0.1610,True,g8g7,30,-0.0185,-0.0185,True,0,nan,3,f8e8,240,-0.1173,-0.1173,True,0,nan,3
24h,114,38,b,5r2/p4bkp/1p1Q2p1/8/3pB3/3P4/1P3PPP/1qB2RK1 b - - 0 23,f8d8,d6d8,d6d8,5,5,1,1-0,31,PRIOR,True,0.1738,-0.2769,-0.1826,0.1160,True,f8d8,30,-0.4857,-0.4857,True,0,nan,5,f8d8,240,-0.4981,-0.4981,True,0,nan,5
24h,114,46,b,5k2/5b1p/1p4pB/8/p2QB3/3P4/1P3PPP/1q1R2K1 b - - 2 27,f8e7,d1b1,d1b1,9,9,9,1-0,23,OTHER(forced),True,0.2693,-0.8086,-0.8213,0.8467,True,f8e7,54,-0.9876,-0.9876,True,53,-0.9908,9,f8e7,427,-0.9913,-0.9913,True,426,-0.9917,9
24h,115,6,b,r1bq1bnr/pppppkpp/5p2/3Pn3/2P1PP1P/8/PP4P1/RNBQKBNR b KQ - 0 7,e5g4,d1g4,d1g4,3,3,0,1-0,63,PRIOR,True,0.4263,-0.2188,-0.1006,0.0447,True,e5g4,30,-0.1949,-0.1949,True,0,nan,3,e5g4,240,-0.1434,-0.1434,True,0,nan,3
24h,115,50,b,3rr3/1pq1n1k1/p2pNp2/3P1P1p/1P2P1P1/PQ1p4/3B2B1/5RK1 b - - 1 29,g7h7,e6c7,e6c7,9,9,9,1-0,19,BUDGET,False,0.2032,-0.0122,-0.3242,0.5889,True,g7f7,48,-0.8708,-0.8708,True,47,-0.8824,9,g7f7,384,-0.9036,-0.9036,True,383,-0.9051,9
24h,115,66,b,2n3r1/4r2k/pp2Np2/3P1P2/1P2PB2/P4Qp1/6B1/5RK1 b - - 3 37,c8d6,f4d6,f4d6,3,3,0,1-0,3,BUDGET,True,0.1208,-0.9113,-0.7988,0.5615,True,c8d6,30,-0.9537,-0.9537,True,29,-0.9590,3,g8g7,112,-0.9709,-0.9709,True,111,-0.9724,2
24h,116,4,b,r1bqkb1r/pppp1p1p/n3p1p1/8/2BQ4/P3P3/1PPP1PPP/RNB1K1NR b KQkq - 1 6,d7d5,d4h8,d4h8,5,5,0,1/2-1/2,65,BUDGET,False,0.7510,-0.2236,-0.1885,0.5967,True,h8g8,30,-0.3834,-0.3834,True,29,-0.3888,0,h8g8,112,-0.3910,-0.3910,True,111,-0.3925,0
24h,116,22,b,2kr1b2/p1p2p2/n1p1p1p1/4q3/2Q5/P1N1P3/1PPP1PPP/R1B2RK1 b - - 0 15,f8d6,c4a6,c4a6,3,3,0,1/2-1/2,47,VALUE,True,0.4160,-0.3252,-0.3047,0.4373,True,f8d6,30,-0.0031,-0.0031,True,22,-0.0481,3,f8d6,240,-0.3780,-0.3780,True,232,-0.3952,3
24h,116,46,b,8/2p5/p1pkp3/8/3P2r1/P3P1Pq/1PP2R1P/R1B2QK1 b - - 3 27,g4g3,h2g3,h2g3,3,3,0,1/2-1/2,23,VALUE,True,0.0335,-0.3076,-0.0615,0.9878,True,g4g3,30,-0.8783,-0.8783,True,29,-0.9065,3,g4g3,240,-0.9162,-0.9162,True,239,-0.9198,3
24h,117,30,b,r4b1r/ppp3k1/7B/1P1qpn1p/8/2P2N2/4NPPP/R2Q1RK1 b - - 6 19,f5h6,d1d5,d1d5,6,6,6,1/2-1/2,40,BUDGET,True,0.3201,-0.2100,-0.3076,0.8892,True,f5h6,39,-0.8278,-0.8278,True,38,-0.8415,6,h8h6,301,-0.8659,-0.8659,True,300,-0.8677,6
24h,117,52,b,1r6/p1p5/2Nb4/1P2k3/6P1/2P5/5P2/R5RK b - - 8 30,e5f4,c6b8,c6b8,5,5,5,1/2-1/2,18,OTHER(forced),True,0.5073,-0.7806,-0.6465,0.4041,True,e5f4,52,-0.9751,-0.9751,True,51,-0.9816,5,e5f4,410,-0.9818,-0.9818,True,409,-0.9827,5
24h,119,52,b,6k1/p4qp1/1r6/3p4/3PpPPn/2N1P1KB/1P5P/2BQ4 b - - 1 30,b6g6,g3h4,g3h4,3,3,0,1/2-1/2,19,BUDGET,True,0.3113,0.3926,0.3291,0.1560,True,b6g6,30,0.3309,0.3309,True,1,0.4902,3,b6e6,240,0.2791,0.2791,True,1,0.4902,3
24h,120,14,b,1rbq1rk1/p1p1p2p/p1N2n1b/3p1p2/PP1P2pP/2P1P3/5PP1/RNBQ1RK1 b - - 2 11,d8e8,c6b8,c6b8,5,5,5,1/2-1/2,59,OTHER(forced),True,0.4497,0.0713,-0.0469,0.4246,True,d8e8,30,-0.2104,-0.2104,True,29,-0.2160,5,d8e8,240,-0.2175,-0.2175,True,239,-0.2182,5
24h,120,26,b,4q1k1/p1p1pr1p/Q6b/3p1p2/PP1P3P/2P1PRn1/6P1/RNB3K1 b - - 0 17,g3e2,a6e2,a6e2,3,3,2,1/2-1/2,47,PRIOR,True,0.3633,0.0244,-0.1953,0.1044,True,g3e2,30,-0.3654,-0.3654,True,0,nan,3,g3e2,240,-0.4423,-0.4423,True,0,nan,3
24h,121,28,b,1k2r3/2pqbpp1/p2ppn1r/7p/1nPP4/1QN1PP1P/PP1B1P2/RB3RK1 b - - 0 18,d7c6,b3b4,b3b4,3,3,0,1-0,45,BUDGET,False,0.0276,0.2090,0.2100,0.1183,True,e8h8,30,0.1160,0.1160,True,0,nan,3,a6a5,240,0.0430,0.0430,True,0,nan,0
24h,121,46,b,4r3/2p1bpp1/p1kpp1r1/7n/B1PPP2p/2N1BP1P/PP3P2/R4R1K b - - 1 27,c6b6,a4e8,a4e8,5,5,5,1-0,27,OTHER(forced),True,0.4685,-0.2222,-0.4346,0.0759,True,c6b6,64,-0.7865,-0.7865,True,60,-0.8121,5,c6b6,512,-0.7908,-0.7908,True,508,-0.7939,5
24h,122,12,b,r1bqkb1r/p1p1n1pp/1p3p2/4p3/1n1PP3/P1N1P3/1PP3PP/R1BQKB1R b KQkq - 0 10,c8g4,d1g4,d1g4,3,3,0,1/2-1/2,62,BUDGET,True,0.0670,0.1641,0.0967,0.8613,True,c8g4,30,0.1318,0.1318,True,26,0.1268,3,e5d4,240,0.1608,0.1608,True,112,0.2108,2
24h,124,40,b,2kr3r/ppp3b1/4pp2/1P1q4/4N2p/3B1n1R/P1P2P2/BQ3K2 b - - 5 24,f6f5,a1g7,a1g7,3,3,0,1/2-1/2,38,BUDGET,False,0.2483,0.5703,0.5422,0.1436,True,d5f5,14,0.5225,0.5225,True,4,0.4666,0,d5f5,112,0.4164,0.4164,True,10,0.5926,0
24h,125,76,b,R7/5Qpk/8/8/2P4P/3P2P1/4rP2/3R2K1 b - - 3 42,e2f2,g1f2,g1f2,4,4,0,1-0,3,BUDGET,False,0.0880,-0.9840,-0.9756,0.4897,True,e2e3,38,-0.9988,-0.9988,True,37,-0.9994,5,e2e8,61,-0.9992,-0.9992,True,60,-0.9996,5
24h,126,52,b,8/2p2ppk/pp1b3p/3p4/P2P1n2/2P1BQ2/1P3P1q/R4K1R b - - 0 30,h2h1,f3h1,f3h1,4,4,0,1-0,29,BUDGET,True,0.9482,-0.0156,0.2563,1.0000,True,h2h1,30,-0.8534,-0.8534,True,29,-0.8917,4,f4d3,112,-0.8851,-0.8851,True,111,-0.8954,4
24h,126,72,b,8/2p3pk/pp1b4/8/P2P3n/2P1B3/1P2KP1p/5R1Q b - - 7 40,h4g2,h1g2,h1g2,3,3,0,1-0,9,BUDGET,True,0.0940,-0.8961,-0.9053,0.9214,True,h4g2,30,-0.8896,-0.8896,True,2,-0.7303,3,h4f5,112,-0.9081,-0.9081,True,2,-0.7303,0
24h,126,78,b,8/2p3pk/pp6/8/P2PQ3/2P1B3/1P2KP1b/7R b - - 2 43,h7h8,h1h2,h1h2,3,3,3,1-0,3,OTHER(forced),True,0.4226,-0.9868,-0.9961,0.4036,True,h7h8,54,-0.9921,-0.9921,True,1,-0.9864,3,h7h8,427,-0.9938,-0.9938,True,1,-0.9864,3
24h,129,6,b,rn1qk1nr/ppp2pBp/4b3/3p4/4PP2/8/P1PP2PP/R2QKB1R b KQkq - 0 7,d5e4,g7h8,g7h8,4,4,0,1-0,77,VALUE,False,0.0822,0.1484,0.1528,0.9678,True,g8e7,6,0.0647,0.0647,True,5,0.0471,5,d5e4,240,0.1175,0.1175,True,222,0.1138,4
24h,129,74,b,8/8/p1p3r1/1pkqBp2/5P2/3P2R1/5Q2/6K1 b - - 1 41,c5b4,g3g6,g3g6,5,5,9,1-0,9,OTHER(forced),True,0.9985,-0.1802,0.2739,0.3494,True,c5b4,64,-0.5214,-0.5214,True,63,-0.5341,5,c5b4,512,-0.5102,-0.5102,True,511,-0.5117,5
24h,131,20,b,r2kr3/p1p2pp1/p1Q5/3n3p/3PpP2/P3P3/P3K1PP/R6R b - - 1 14,a8c8,c6d5,c6d5,3,3,0,1-0,69,BUDGET,False,0.2605,-0.6484,-0.6455,0.4097,True,a8b8,6,-0.6416,-0.6416,True,1,-0.5059,3,d8c8,48,-0.6577,-0.6577,True,1,-0.5059,5
24h,131,88,b,2r2k2/R6P/8/5p2/4pP2/P3P3/6P1/3R1K2 b - - 4 48,c8e8,h7h8q,h7h8q,8,8,8,1-0,1,BUDGET,False,0.1919,-0.9442,-0.9795,0.0602,True,c8b8,39,-0.9677,-0.9677,True,0,nan,8,c8b8,148,-0.9890,-0.9890,True,0,nan,8
24h,132,4,b,rnbq1b1r/pppkpp1p/3p4/5Pp1/3PP1n1/P7/1PP4P/RNBQKBNR b KQ - 0 6,b8c6,d1g4,d1g4,3,3,1,1/2-1/2,86,BUDGET,False,0.3728,-0.0649,-0.1543,0.2786,True,d7e8,14,-0.1710,-0.1710,True,1,-0.1084,3,d7c6,112,-0.1614,-0.1614,True,1,-0.1084,3
24h,132,26,b,1rb2br1/pppk1q2/2np1p2/4pP1p/2B1P2P/P1P2N1Q/1P1N4/R1B1K2R b KQ - 3 17,f7e8,c4g8,c4g8,5,5,0,1/2-1/2,64,VALUE,True,0.0328,-0.1753,-0.4531,0.5542,True,f7e8,30,-0.4530,-0.4530,True,1,-0.2754,5,f7e8,240,-0.5503,-0.5503,True,1,-0.2754,5
24h,135,54,b,Q7/3n1qbk/1p2p3/1P1pP1P1/3P3p/2PB1P2/6P1/5RK1 b - - 1 31,f7g6,d3g6,d3g6,6,6,6,1/2-1/2,40,OTHER(forced),True,0.7676,-0.4614,-0.5879,0.9697,True,f7g6,64,-0.9716,-0.9716,True,63,-0.9776,6,f7g6,512,-0.9746,-0.9746,True,511,-0.9754,6
24h,136,72,b,8/k4p1p/6p1/p3N1P1/2PB4/4R3/1Rq5/4K3 b - - 1 40,a7a6,b2c2,b2c2,9,9,9,1-0,25,OTHER(forced),True,0.8110,-0.2461,-0.4209,0.9019,True,a7a6,64,-0.9838,-0.9838,True,63,-0.9927,9,a7a6,512,-0.9921,-0.9921,True,511,-0.9932,9
24h,136,80,b,8/5p1P/6p1/k3N3/p1PB4/4R3/2R1K3/8 b - - 0 44,a5b4,h7h8q,h7h8q,8,8,8,1-0,17,BUDGET,False,0.2109,-0.9743,-0.9990,0.0912,True,f7f6,43,-0.9931,-0.9931,True,39,-0.9940,8,a5a6,56,-0.9937,-0.9937,True,52,-0.9944,8
24h,137,80,b,2r2k2/R7/2P1Np1p/1Pqp4/P3pP2/2P1P3/5K2/2B5 b - - 2 44,f8g8,e6c5,e6c5,9,9,9,1-0,19,OTHER(forced),True,0.6660,0.2295,0.0156,0.7788,True,f8g8,64,-0.9448,-0.9448,True,63,-0.9600,9,f8g8,512,-0.9539,-0.9539,True,511,-0.9558,9
24h,138,36,b,3rr1k1/ppp3pp/4p3/3pP2q/3R1P2/1b4Q1/1P1NN3/2K2BR1 b - - 3 22,c7c5,d2b3,d2b3,3,3,1,1/2-1/2,65,BUDGET,False,0.0933,-0.1685,-0.1094,0.8940,True,b3a2,30,-0.2486,-0.2486,True,27,-0.2672,1,b3a2,240,-0.2875,-0.2875,True,237,-0.2901,1
24h,139,70,b,6r1/kpp2q2/p1bb1p2/8/4P3/1QBP1N1P/PP2RPP1/R4K2 b - - 2 39,f7h5,b3g8,b3g8,5,5,0,1-0,31,PRIOR,False,0.0361,-0.3906,-0.3682,0.1127,True,f7g6,14,-0.4466,-0.4466,True,0,nan,0,f7h5,240,-0.4507,-0.4507,True,0,nan,5
24h,139,98,b,1k5R/1pp5/2bb4/8/4P1P1/1PBP1N1P/1P2KP2/R7 b - - 6 53,d6f8,h8f8,h8f8,3,3,3,1-0,3,OTHER(forced),True,0.5464,-0.9809,-0.9971,0.8174,True,d6f8,64,-0.9989,-0.9989,True,60,-0.9998,3,d6f8,512,-0.9999,-0.9999,True,508,-1.0000,3
24h,139,100,b,1k3R2/1pp5/2b5/8/4P1P1/1PBP1N1P/1P2KP2/R7 b - - 0 54,c6e8,f8e8,f8e8,3,3,99,1-0,1,OTHER(forced),True,1.0000,-0.9910,-0.9990,0.1979,True,c6e8,128,-1.0000,-1.0000,True,127,-1.0000,3,c6e8,1024,-1.0000,-1.0000,True,1023,-1.0000,3
24h,140,64,b,6k1/1p4p1/p3p1p1/3r1qPr/P2P1R1p/4B3/1P3P1K/3Q2R1 b - - 3 36,h5g5,f4f5,f4f5,3,3,3,1-0,39,BUDGET,True,0.2524,-0.0469,0.0747,0.0238,True,h5g5,30,-0.0921,-0.0921,True,0,nan,3,g8h7,112,-0.1773,-0.1773,True,0,nan,4
24h,140,102,b,5k2/3P2p1/6r1/3Q4/8/1p2B3/1P3P2/3K4 b - - 0 55,f8e7,d7d8q,d7d8q,8,8,0,1-0,1,VALUE,True,0.3206,-0.9568,-0.9375,0.3020,True,f8e7,38,-0.9458,-0.9458,True,0,nan,8,f8e7,281,-0.9501,-0.9501,True,67,-1.0000,8
24h,142,56,b,r7/p1Bk2pp/1P4n1/R7/3PPn2/8/3K1P2/7r b - - 0 32,a7b6,a5a8,a5a8,4,4,0,1/2-1/2,50,BUDGET,False,0.6807,0.8350,0.8906,0.9766,True,f4e6,30,0.8085,0.8085,True,29,0.8056,0,h1h3,240,0.7766,0.7766,True,239,0.7762,0
24h,142,68,b,8/2k3pp/2R3n1/2nP4/4P3/8/3K1P2/7r b - - 2 38,c7d7,c6c5,c6c5,3,3,3,1/2-1/2,38,BUDGET,True,0.8604,0.8164,0.7737,0.1761,True,c7d7,48,0.4765,0.4765,True,43,0.4394,3,c7d8,384,0.4092,0.4092,True,379,0.4041,3
24h,143,44,b,3kr3/1p1n4/2p4p/p3pQ2/3b4/P5RP/1P4KP/4q3 b - - 0 26,e1g3,h2g3,h2g3,4,4,-1,1/2-1/2,27,BUDGET,False,0.0358,0.4717,0.8059,0.7202,True,d8c7,2,0.3732,0.3732,True,1,-0.0596,0,e5e4,16,0.0177,0.0177,True,15,-0.0349,0
24h,144,14,b,rn2k2r/pp1bbpp1/5n2/PBpp2Np/8/2N2P2/PBPPQ1PP/R3K2R b KQkq - 7 11,e8g8,e2e7,e2e7,3,3,0,1-0,93,VALUE,True,0.2981,-0.7246,-0.7139,0.2781,True,e8g8,30,-0.5632,-0.5632,True,1,-0.3530,3,e8g8,240,-0.5296,-0.5296,True,1,-0.3530,3
24h,144,82,b,1R6/8/8/8/P2n1k1P/3P1P2/3N1KP1/8 b - - 2 45,d4b5,a4b5,a4b5,3,3,0,1-0,25,VALUE,True,0.0104,-0.9830,-0.9922,0.4065,True,d4b5,43,-0.9739,-0.9739,True,41,-0.9972,3,d4b5,336,-0.9755,-0.9755,True,334,-0.9783,3
24h,144,100,b,8/1PR5/6k1/8/7P/5P2/4NKP1/8 b - - 0 54,g6h6,b7b8q,b7b8q,8,8,8,1-0,7,OTHER(forced),False,0.2625,-0.9915,-0.9990,0.0387,True,g6h5,16,-0.9949,-0.9949,True,0,nan,8,g6h6,384,-0.9749,-0.9749,True,0,nan,8
24h,145,62,b,8/7B/5kRn/1p6/1r3P2/4P2P/5P2/4K3 b - - 1 35,f6f7,g6h6,g6h6,3,3,3,1/2-1/2,47,OTHER(forced),True,0.2397,-0.2510,-0.1582,0.4761,True,f6f7,54,-0.6066,-0.6066,True,53,-0.6151,3,f6f7,427,-0.5643,-0.5643,True,426,-0.5653,3
24h,146,32,b,rn3r2/pR3pk1/2p2p1b/3p1P1Q/3P4/2qB4/P1P2PP1/5RK1 b - - 0 20,b8d7,b7d7,b7d7,3,3,-1,1/2-1/2,46,BUDGET,False,0.0508,-0.1733,-0.3750,0.5186,True,c3d4,6,-0.4051,-0.4051,True,4,-0.4763,-1,c3d2,16,-0.4408,-0.4408,True,14,-0.4663,0
24h,147,64,b,6k1/P4pp1/4p2p/3pP2P/p7/8/5PP1/r2RK3 b - - 2 36,a1a2,a7a8q,a7a8q,8,8,0,1/2-1/2,46,BUDGET,True,0.5215,0.0098,0.0171,0.5283,True,a1a2,37,-0.7524,-0.7524,True,36,-0.7738,8,a1a3,271,-0.8391,-0.8391,True,270,-0.8422,8
24h,148,34,b,1k1r4/p1p5/1pq2p2/7p/P2P4/6Q1/1PP1NP1r/2KR2R1 b - - 1 21,c6c4,g3h2,g3h2,5,5,0,1/2-1/2,76,BUDGET,False,0.1592,0.2285,0.1060,0.5278,True,d8e8,14,-0.3171,-0.3171,True,13,-0.3496,5,d8e8,48,-0.4345,-0.4345,True,47,-0.4460,5
24h,150,4,b,r1bqkbnr/ppp2p1p/3pp3/nP4p1/8/3P1P2/PBP1PKPP/RN1Q1BNR b kq - 2 6,c8d7,b2h8,b2h8,5,5,0,1-0,113,PRIOR,True,0.0991,-0.0161,0.2568,0.2715,True,c8d7,30,0.1755,0.1755,True,0,nan,5,c8d7,240,0.1929,0.1929,True,0,nan,5
24h,150,52,b,2k5/2pq4/p1b1B1Q1/3pP3/3P1r1b/1RN1n1N1/P1P4P/6K1 b - - 0 30,d7e6,g6e6,g6e6,6,6,2,1-0,65,BUDGET,False,0.5654,0.4365,0.0620,0.9785,True,f4d4,14,-0.6594,-0.6594,True,13,-0.7149,5,f4f3,48,-0.7443,-0.7443,True,47,-0.7614,6
24h,150,72,b,8/2pk4/8/4P3/3PN2b/1R5Q/P1r4P/6K1 b - - 0 40,d7c6,h3h4,h3h4,3,3,3,1-0,45,BUDGET,False,0.7305,-0.8881,-0.9365,0.7842,True,d7e7,16,-0.9708,-0.9708,True,15,-0.9731,3,d7e7,384,-0.9676,-0.9676,True,383,-0.9677,3
24h,150,104,b,8/8/2P5/k3P3/8/1R4N1/2r4P/3Q2K1 b - - 6 56,a5a6,d1c2,d1c2,5,5,-1,1-0,13,BUDGET,False,0.0911,-0.9819,-0.9736,0.3311,True,c2a2,6,-0.9897,-0.9897,True,5,-0.9929,0,c2a2,271,-0.9959,-0.9959,True,9,-0.8840,0
24h,150,110,b,k7/2P5/8/4P3/8/1R4N1/2Q2K1P/8 b - - 0 59,a8a7,c7c8r,c7c8q,4,8,99,1-0,7,OTHER(forced),True,1.0000,-0.9869,-0.9980,0.0184,True,a8a7,128,-0.9997,-0.9997,True,0,nan,8,a8a7,1024,-1.0000,-1.0000,True,0,nan,8
24h,152,58,b,5rk1/p5p1/7p/2Nbp3/6q1/4P3/P2Q2PP/2R1KB2 b - - 7 33,f8f5,d2d5,d2d5,3,3,-1,1/2-1/2,63,PRIOR,True,0.1541,0.1787,0.1802,0.2036,True,f8f5,30,-0.0045,-0.0045,True,0,nan,3,f8f5,240,0.0760,0.0760,True,0,nan,3
24h,154,96,b,6r1/2p5/8/1p1p1p2/p2Pb3/PkP1P1rP/1P1N1RPK/5R2 b - - 1 52,b3c2,d2e4,d2e4,3,3,0,1/2-1/2,29,PRIOR,True,0.2274,0.1738,0.0933,0.0587,True,b3c2,54,0.1849,0.1849,True,0,nan,3,b3c2,427,0.1016,0.1016,True,0,nan,3
24h,156,4,b,r1bqkbnr/p1p2ppp/np6/4p3/4Q2P/2P5/PP1P1PP1/RNBK1BNR b kq - 0 6,g8f6,e4a8,e4a8,5,5,1,1/2-1/2,123,BUDGET,False,0.8857,0.2393,-0.0342,0.2312,True,a8b8,6,-0.1308,-0.1308,True,4,-0.2321,1,a6c5,112,-0.0002,-0.0002,True,28,0.1865,5
24h,156,10,b,3qkb1r/p1p2ppp/np3n2/4p3/7P/2P2N2/PP1P1PP1/RNBK1B1R b k - 0 9,e5e4,f1a6,f1a6,3,3,1,1/2-1/2,117,VALUE,True,0.8940,0.4434,0.5190,0.7334,True,e5e4,30,0.4017,0.4017,True,29,0.3976,3,e5e4,240,0.4053,0.4053,True,239,0.4048,3
24h,156,76,b,8/p5p1/1p4k1/2qB1p2/P1P2r2/1PB2P2/6R1/1K5R b - - 6 42,f4g4,f3g4,f3g4,4,4,99,1/2-1/2,51,OTHER(forced),True,1.0000,0.3037,0.0718,0.0658,True,f4g4,128,-0.6124,-0.6124,True,120,-0.6581,4,f4g4,1024,-0.6470,-0.6470,True,1016,-0.6526,4
24h,157,20,b,r4rk1/p1p1qppp/1pb1p3/3p4/P2Pn3/NP2P3/2P1NPPP/R2QK2R b K - 2 14,e7a3,a1a3,a1a3,6,6,0,1/2-1/2,107,PRIOR,True,0.1576,0.2715,0.4404,0.3223,True,e7a3,30,0.2473,0.2473,True,0,nan,6,e7a3,240,0.2429,0.2429,True,0,nan,6
24h,157,62,b,1RbRnk2/2r2ppp/4p3/4N3/P1P5/4PP2/4K1PP/8 b - - 3 35,c7e7,b8c8,b8c8,3,3,0,1/2-1/2,65,BUDGET,False,0.2810,-0.4375,-0.7842,0.2563,True,h7h5,2,-0.7061,-0.7061,True,0,nan,0,c7c5,16,-0.8380,-0.8380,True,1,-0.5281,0
24h,159,50,b,5rk1/1bb5/1npq2R1/1p1p2P1/p2P4/P1PB1P2/1P1N1QK1/4r3 b - - 0 29,d6g6,d3g6,d3g6,4,4,5,1/2-1/2,28,OTHER(forced),True,0.4556,0.2334,0.6187,0.8364,True,d6g6,48,-0.2776,-0.2776,True,47,-0.2967,4,d6g6,384,-0.3217,-0.3217,True,383,-0.3242,4
24h,160,46,b,4r1k1/p4pp1/1p2p3/4P3/1q1rp3/PPRbP2P/3Q1PP1/4K2R b K - 0 27,b4a4,b3a4,b3a4,8,8,4,1/2-1/2,88,BUDGET,False,0.0323,0.4658,0.4741,0.2136,True,b4a3,2,0.1458,0.1458,True,0,nan,4,b4a3,240,0.0909,0.0909,True,0,nan,4
24h,162,8,b,1rbqkb1r/p1pppppp/1p6/1P2n1P1/3nP3/7P/PBPP1PB1/RN1QK1NR b KQk - 2 8,d7d6,b2d4,b2d4,3,3,0,1/2-1/2,130,BUDGET,False,0.2981,0.0498,0.0479,0.8604,True,d4b5,2,-0.0527,-0.0527,True,1,-0.1533,2,d4b5,240,-0.1648,-0.1648,True,239,-0.1657,2
24h,162,20,b,1r1qk2r/p1pbbppp/1p1p4/1P2pPP1/4P1Qn/4B2P/P1PP4/RN2KBNR b KQk - 3 14,h7h5,g4h4,g4h4,3,3,-1,1/2-1/2,118,BUDGET,False,0.2472,-0.1919,-0.1279,0.0355,True,e8g8,30,-0.1340,-0.1340,True,0,nan,3,e8g8,48,-0.1976,-0.1976,True,0,nan,3
24h,162,40,b,1r1q1r1k/p1p1b1p1/1pN1Q3/1P1P1pPp/8/2N1B2P/P2P4/R3K2R b KQ - 3 24,e7g5,c6d8,c6d8,5,5,2,1/2-1/2,98,PRIOR,False,0.1274,-0.3730,-0.4023,0.2075,True,d8e8,30,-0.6947,-0.6947,True,0,nan,2,e7g5,240,-0.6238,-0.6238,True,0,nan,5
24h,162,118,b,8/8/8/8/r2k3R/8/1KR5/8 b - - 1 63,d4e5,h4a4,h4a4,5,5,5,1/2-1/2,20,BUDGET,True,0.1926,-0.6787,-0.7969,0.8989,True,d4e5,48,-0.9923,-0.9923,True,47,-0.9965,5,d4d5,128,-0.9950,-0.9950,True,127,-0.9966,5
24h,163,22,b,rn1q1rk1/p1p3p1/3bppn1/1P6/3PB1pP/1Q6/PP2NP2/R1B2RK1 b - - 0 15,f6f5,e4a8,e4a8,5,5,3,1/2-1/2,116,BUDGET,True,0.1552,0.2100,0.2598,0.0972,True,f6f5,30,0.1184,0.1184,True,0,nan,5,g8h7,240,0.0925,0.0925,True,0,nan,5
24h,163,32,b,Bn4k1/p1p2rp1/4Q1n1/1P3p2/3P2p1/6q1/PP6/R1B2R1K b - - 1 20,b8d7,e6g6,e6g6,3,3,0,1/2-1/2,106,PRIOR,True,0.0270,0.1719,0.4229,0.0248,True,b8d7,30,0.2506,0.2506,True,0,nan,3,b8d7,240,0.3657,0.3657,True,0,nan,3
24h,163,72,b,8/p7/5R2/4B3/P2P2p1/2Rk3q/1P6/6K1 b - - 6 40,d3e4,c3h3,c3h3,4,4,4,1/2-1/2,66,BUDGET,True,0.4880,0.2090,-0.1797,0.7471,True,d3e4,54,-0.9701,-0.9701,True,53,-0.9850,4,d3d2,170,-0.9853,-0.9853,True,169,-0.9901,4
24h,164,106,b,1k6/7P/8/2K2Q2/8/8/8/8 b - - 0 57,b8b7,h7h8r,h7h8q,4,8,8,1-0,35,BUDGET,False,0.1298,-0.9861,-0.9980,0.0156,True,b8a7,16,-0.9947,-0.9947,True,0,nan,8,b8c7,128,-0.9990,-0.9990,True,0,nan,8
24h,169,6,b,r1bqk1nr/ppp3pp/4pp2/1P1p4/1n6/1PP5/3PPPPP/RNBQKBNR b Kkq - 0 7,e6e5,c3b4,c3b4,3,3,2,1/2-1/2,139,BUDGET,False,0.0751,-0.0269,-0.2070,0.9878,True,c8d7,2,-0.1755,-0.1755,True,1,-0.1440,3,g8e7,240,-0.2588,-0.2588,True,236,-0.2619,3
24h,171,28,b,r3k1r1/ppNbbp2/2np3P/5n2/7q/5P2/PPPB1P1P/R2QKB1R b KQq - 2 18,e8f8,c7a8,c7a8,5,5,5,1/2-1/2,121,BUDGET,True,0.5771,0.1162,0.2676,0.8418,True,e8f8,64,0.0337,0.0337,True,63,0.0303,5,e8d8,512,0.0012,0.0012,True,511,0.0007,5
24h,171,124,b,4r3/pp1b1k1R/8/1P1p1P2/3K4/P2B4/2P2P2/8 b - - 2 66,f7f6,h7d7,h7d7,3,3,3,1/2-1/2,25,OTHER(forced),True,0.8652,-0.4126,-0.3145,0.5132,True,f7f6,54,-0.8989,-0.8989,True,53,-0.9100,3,f7f6,427,-0.9250,-0.9250,True,426,-0.9264,3
24h,175,40,b,5rk1/prp3p1/2n4p/3QPp1b/P1P5/5PqN/1P2P1P1/R4BK1 b - - 0 24,h5f7,d5c6,d5c6,3,3,3,1/2-1/2,48,OTHER(forced),True,0.7852,0.4854,0.1558,0.3035,True,h5f7,48,0.1818,0.1818,True,46,0.1762,3,h5f7,384,0.2083,0.2083,True,382,0.2078,3
24h,176,54,b,3r1r2/pp5p/2qNk2p/2PR1p1P/2Pp4/5pP1/8/2K5 b - - 6 31,c6d5,c4d5,c4d5,3,3,1,1/2-1/2,31,BUDGET,True,0.1812,0.8838,0.9792,0.5781,True,c6d5,30,0.9822,0.9822,True,12,0.9837,3,d8d6,240,0.9873,0.9873,True,32,0.9878,1
24h,177,10,b,rnb1k1r1/ppp1qppQ/3bp3/3n4/8/PP2P2N/1B1P1PPP/RN2KB1R b KQq - 0 9,c8d7,h7g8,h7g8,5,5,0,1/2-1/2,149,BUDGET,False,0.1044,0.2520,0.2305,0.2344,True,e7f8,6,-0.1451,-0.1451,True,5,-0.2202,0,e7f8,48,-0.3732,-0.3732,True,47,-0.3861,0
24h,177,32,b,r3k3/1pp1b1p1/p4p2/3p4/1P4bP/PnB1PN2/3PBPP1/1R2K2R b Kq - 1 20,e8c8,b1b3,b1b3,3,3,0,1/2-1/2,127,BUDGET,False,0.2065,-0.4370,-0.5674,0.9380,True,g4f3,30,-0.8377,-0.8377,True,29,-0.8490,0,d5d4,112,-0.8468,-0.8468,True,111,-0.8498,3
24h,178,62,b,5rk1/7p/1p1b2p1/8/2bnRp2/1pp2P1P/6PK/3B4 b - - 1 35,b6b5,e4d4,e4d4,3,3,0,1/2-1/2,26,BUDGET,False,0.0410,0.9619,0.9396,0.3186,True,d6c5,6,0.9042,0.9042,True,4,0.8826,0,d6c5,16,0.8769,0.8769,True,14,0.8668,0
24h,180,28,b,r1b2bkr/1pp5/3p1p1p/1N6/p1P1P3/3B1NP1/nP3P1P/1K1R3R b - - 1 18,c8g4,b1a2,b1a2,3,3,1,1/2-1/2,52,VALUE,True,0.0609,-0.1631,-0.1924,0.5269,True,c8g4,30,-0.1743,-0.1743,True,6,-0.0826,3,c8g4,240,-0.2380,-0.2380,True,6,-0.0826,3
24h,184,44,b,r1b2n2/1p2kp1r/2p5/p1B1p1P1/P3Nn1p/2P2B1P/1P6/R4K1R b - - 5 26,e7d8,c5f8,c5f8,3,3,0,1/2-1/2,77,VALUE,False,0.0431,0.0000,-0.2041,0.4102,True,e7e6,48,-0.1721,-0.1721,True,1,-0.1021,3,e7d8,384,-0.1882,-0.1882,True,1,-0.1021,3
24h,186,70,b,3r1k2/R1Q2p1p/4r1p1/1p6/1P1qp3/P6P/6PK/8 b - - 2 39,d4a7,c7a7,c7a7,4,4,0,1/2-1/2,38,BUDGET,False,0.1395,0.0059,0.6765,0.6855,True,f8g7,6,-0.0529,-0.0529,True,5,-0.1987,1,d4f6,48,0.1334,0.1334,True,47,0.1218,0
24h,191,14,b,r1b1kb1r/1p2p1pp/pNn2n2/2p5/4pB2/6P1/PPP2PBP/R3K1NR b KQkq - 5 11,e7e5,b6a8,b6a8,5,5,2,1/2-1/2,88,BUDGET,False,0.0456,-0.0786,-0.0176,0.8398,True,c6d4,30,0.0039,0.0039,True,25,-0.0009,5,c6b4,112,0.0129,0.0129,True,101,0.0061,5
24h,193,16,b,r1b1k2r/1pN1bppp/2n2n2/8/p1B1PB2/6K1/PqP3PP/R2Q2NR b kq - 0 12,e8f8,c7a8,c7a8,5,5,99,1/2-1/2,81,OTHER(forced),True,1.0000,0.0947,-0.1318,0.2028,True,e8f8,128,-0.2306,-0.2306,True,125,-0.2360,5,e8f8,1024,-0.2796,-0.2796,True,1021,-0.2804,5
24h,193,44,b,2b2k1r/1pK1b2p/1N6/5p2/p1B5/8/P5PP/1R6 b - - 0 26,e7d8,c7d8,c7d8,3,3,1,1/2-1/2,53,BUDGET,False,0.0021,0.0967,-0.2080,0.6099,True,e7f6,2,-0.1670,-0.1670,True,1,-0.1260,3,e7f6,48,-0.4844,-0.4844,True,1,-0.1260,3
24h,193,48,b,2b4r/1pK3kp/1N6/5p2/p1B5/8/P5PP/1R6 b - - 2 28,h8d8,c7d8,c7d8,5,5,0,1/2-1/2,49,BUDGET,False,0.0367,-0.3882,-0.5596,0.9424,True,g7f6,2,-0.6794,-0.6794,True,1,-0.7993,1,g7f6,18,-0.8862,-0.8862,True,17,-0.9055,1
24h,193,50,b,2bK4/1p4kp/1N6/5p2/p1B5/8/P5PP/1R6 b - - 0 29,c8e6,c4e6,c4e6,3,3,3,1/2-1/2,47,BUDGET,False,0.0448,-0.7993,-0.9053,0.9609,True,a4a3,2,-0.9274,-0.9274,True,1,-0.9495,3,g7h8,23,-0.9810,-0.9810,True,22,-0.9845,3
24h,194,44,b,3r1r2/1p2bp1k/p1n1b1p1/8/4Npp1/P2P4/2q2PBP/2R2RK1 b - - 2 26,c2c1,f1c1,f1c1,4,4,-1,0-1,78,BUDGET,False,0.0987,0.9121,0.9729,0.9766,True,c2a2,14,0.9322,0.9322,True,13,0.9291,0,c2a2,240,0.9317,0.9317,True,239,0.9315,0
24h,199,50,b,r3k3/1pp1n1b1/3p1p2/1P1Pp1p1/4P3/1P6/1B6/2K1RBq1 b q - 1 29,a8a1,b2a1,b2a1,5,5,0,1/2-1/2,117,BUDGET,False,0.1265,0.8350,0.9030,0.8989,True,a8a2,6,0.8523,0.8523,True,5,0.8380,0,e8f7,16,0.7634,0.7634,True,15,0.7528,0
24h,199,82,b,8/1pR2kb1/1pnp1p2/4p1p1/8/2Bq4/1K6/8 b - - 11 45,f7e6,c7g7,c7g7,3,3,1,1/2-1/2,85,BUDGET,False,0.3652,0.9883,0.9540,0.2795,True,f7g6,7,0.9534,0.9534,True,5,0.9475,1,c6e7,169,0.9557,0.9557,True,167,0.9555,1
24h,199,122,b,5R2/3kn3/3p1p2/4p1p1/2q5/4B3/1K6/8 b - - 28 65,c4g8,f8g8,f8g8,4,4,0,1/2-1/2,45,BUDGET,False,0.0001,0.8955,0.8123,0.8301,True,d7e6,0,-1.0000,0.9042,False,0,nan,0,c4e2,0,-1.0000,0.9040,False,0,nan,0
12h,2,1,w,r1bq1bnr/Nppkpppp/8/2np4/8/5N2/PPPPPPPP/R1BQKB1R w KQ - 1 5,d2d4,a8a7,a8a7,3,3,0,0-1,35,BUDGET,True,0.7090,0.1104,0.0933,0.5049,True,d2d4,30,0.1493,0.1493,True,28,0.1499,3,a7c8,240,0.1109,0.1109,True,238,0.1106,0
12h,2,23,w,r1b1k2r/1p3pp1/2p1pn1p/2bpN3/2P2B2/3QP3/Pq2KPPP/R4B1R w - - 2 16,d3c2,b2c2,b2c2,9,9,5,0-1,13,BUDGET,False,0.0016,-0.0005,-0.0703,0.2944,True,e2f3,52,-0.2814,-0.2814,True,0,nan,5,e2f3,410,-0.2236,-0.2236,True,0,nan,5
12h,6,21,w,rn3b1r/pbpknBp1/5p2/4p2P/1P1p3P/P1N1PN2/1P1P1P2/R1B1K2R w KQ - 0 15,c3a4,b7f3,b7f3,3,3,0,0-1,33,PRIOR,True,0.0069,0.3936,0.4087,0.1625,True,c3a4,30,0.2762,0.2762,True,0,nan,3,c3a4,240,0.2851,0.2851,True,0,nan,3
12h,6,39,w,r4b1r/p1p2Bp1/2Pk1p2/4p3/3p3n/P2bP3/1P1P1P2/1RB2RK1 w - - 0 24,e3d4,d3b1,d3b1,4,4,2,0-1,15,PRIOR,True,0.1594,-0.1133,-0.3242,0.1471,True,e3d4,30,-0.5641,-0.5641,True,0,nan,4,e3d4,240,-0.5231,-0.5231,True,0,nan,4
12h,7,35,w,2qr4/pp2nkp1/3Q1p2/2rPp3/7P/P3PP2/P7/3RK1R1 w - - 1 22,g1g7,f7g7,f7g7,4,4,0,0-1,19,VALUE,True,0.0825,-0.0522,0.1406,0.9575,True,g1g7,30,-0.2633,-0.2633,True,29,-0.2773,4,g1g7,240,-0.0920,-0.0920,True,239,-0.0929,4
12h,7,49,w,5rk1/pp4r1/8/3PQ3/7P/P3PP2/P1q4K/3R4 w - - 3 29,d1d2,c2d2,c2d2,5,5,5,0-1,5,BUDGET,False,0.8560,-0.1626,0.2485,0.3059,True,h2h1,53,-0.5290,-0.5290,True,52,-0.5439,5,h2h1,427,-0.6261,-0.6261,True,426,-0.6281,5
12h,8,29,w,2kr1r2/pppb3p/2n1pn1p/P2p2q1/3P4/R1P1PQ2/1P6/1NB1KB1R w K - 0 19,h1h6,g5h6,g5h6,4,4,0,1/2-1/2,27,BUDGET,False,0.2272,-0.0093,-0.2090,0.1050,True,b1d2,6,-0.1881,-0.1881,True,3,-0.3395,0,b1d2,16,-0.3071,-0.3071,True,13,-0.3695,0
12h,8,35,w,2kr1r2/pppb3p/2n1p3/P2p4/3Pn2q/R1P1PQ2/1P2B3/1NB2K2 w - - 4 22,b1d2,f8f3,f8f3,4,4,4,1/2-1/2,21,OTHER(forced),True,0.3362,-0.3496,-0.4932,0.6230,True,b1d2,30,-0.7794,-0.7794,True,29,-0.7893,4,b1d2,240,-0.8173,-0.8173,True,239,-0.8187,4
12h,9,49,w,3nk3/pp1b2p1/3Q1p2/3Pp3/1P2q3/P4N1p/4BP2/5K2 w - - 0 29,f1g1,e4e2,e4e2,3,3,0,0-1,7,BUDGET,True,0.3333,0.2695,0.0308,0.0440,True,f1g1,30,-0.0158,-0.0158,True,0,nan,3,d6c7,48,-0.1651,-0.1651,True,0,nan,1
12h,9,51,w,3nk3/pp1b2p1/3Q1p2/3Pp3/1P6/P4N1p/4qP2/6K1 w - - 0 30,d6c7,e2f3,e2f3,3,3,0,0-1,5,PRIOR,True,0.0464,-0.1484,-0.2744,0.0900,True,d6c7,30,-0.3021,-0.3021,True,0,nan,3,d6c7,240,-0.2962,-0.2962,True,0,nan,3
12h,12,27,w,1r1q1rk1/pbpnbpp1/1n6/1P1pp1NP/7R/P1NPPB2/1PQ2P2/R1B1K3 w Q - 3 18,h5h6,e7g5,e7g5,3,3,0,0-1,35,BUDGET,False,0.3159,0.3340,0.3818,0.1747,True,h4g4,6,0.2389,0.2389,True,0,nan,0,h4g4,48,0.0794,0.0794,True,0,nan,0
12h,12,47,w,2rq1r1k/pb1n1ppP/2p5/1P1nP1R1/3p1B2/P2P1B2/1PQ2P2/R3K3 w Q - 1 28,e5e6,d5f4,d5f4,3,3,0,0-1,15,BUDGET,False,0.1368,0.1895,0.1143,0.9370,True,c2c1,2,0.0525,0.0525,True,1,-0.0088,1,c2c1,112,-0.1796,-0.1796,True,111,-0.1823,1
12h,13,31,w,2rqbrk1/1p4p1/p1n2p2/2p1p1BQ/4P3/1P1P2PP/P1N2P2/2R2RK1 w - - 0 20,c1d1,e8h5,e8h5,9,9,2,1/2-1/2,31,BUDGET,False,0.0408,0.2021,0.2495,0.2993,True,g5f6,2,-0.0630,-0.0630,True,1,-0.3755,8,h5f3,16,-0.4542,-0.4542,True,15,-0.5011,3
12h,15,21,w,rnbq1rk1/p1p2pp1/1p5p/3P3P/3Pp2b/P1N1P3/1PQ2nP1/R1BK1B1R w - - 0 15,d1d2,f2h1,f2h1,5,5,5,0-1,41,OTHER(forced),True,0.0476,-0.2554,-0.2998,0.7417,True,d1d2,48,-0.3601,-0.3601,True,47,-0.3614,5,d1d2,384,-0.4477,-0.4477,True,383,-0.4481,5
12h,15,49,w,2r1r1k1/2pq1pp1/p6p/1pQP3P/3Pn2b/P1K1P3/1P6/R1B5 w - - 4 29,c3b4,e4c5,e4c5,6,6,6,0-1,13,BUDGET,True,0.4648,-0.5381,-0.6143,0.9336,True,c3b4,48,-0.9151,-0.9151,True,47,-0.9215,6,c3d3,384,-0.9370,-0.9370,True,383,-0.9378,6
12h,16,23,w,r2q1rk1/pb2p1b1/1p3nBp/3p3p/P2Q1B2/NnP1PN2/5PP1/R3K2R w KQ - 0 16,a1d1,b3d4,b3d4,6,6,2,0-1,43,BUDGET,False,0.1323,0.1543,0.2886,0.1815,True,d4d1,6,-0.4186,-0.4186,True,5,-0.5600,2,a1c1,16,-0.4538,-0.4538,True,15,-0.5033,6
12h,16,29,w,r4rk1/pb2q1b1/1p3nBp/3pB2p/P2N4/N1P1P3/5PP1/3RK2R w K - 1 19,a3b5,e7e5,e7e5,3,3,0,0-1,37,BUDGET,False,0.1903,-0.4253,-0.3574,0.5991,True,e1g1,14,-0.4807,-0.4807,True,13,-0.4902,3,e5f6,48,-0.6002,-0.6002,True,47,-0.6054,0
12h,16,41,w,5rk1/pN1r2b1/1p3n1p/3p4/P2N3R/2P1P3/5Pq1/3RK3 w - - 1 25,d1d3,d7b7,d7b7,3,3,3,0-1,25,BUDGET,False,0.0704,-0.7056,-0.7939,0.3787,True,h4f4,14,-0.7720,-0.7720,True,10,-0.8139,3,d1b1,48,-0.8151,-0.8151,True,44,-0.8286,3
12h,17,3,w,rn1qkbnr/pbpp2pp/1p6/4p3/P5p1/1PN2N2/2PPPP1P/R1BQKB1R w KQkq - 0 6,f3e5,b7h1,b7h1,4,4,2,0-1,63,BUDGET,False,0.9595,0.0488,-0.0781,0.7983,True,d2d3,2,-0.1296,-0.1296,True,1,-0.1812,2,d2d4,16,-0.1979,-0.1979,True,15,-0.2059,2
12h,17,31,w,1k1r1r2/R1pp2pp/1pb5/8/3P2p1/1PQ1P3/2PKBq1P/8 w - - 2 20,b3b4,b8a7,b8a7,5,5,1,0-1,35,BUDGET,False,0.1047,-0.3999,-0.4277,0.0937,True,a7a1,6,-0.5735,-0.5735,True,3,-0.7323,1,a7a6,16,-0.6892,-0.6892,True,13,-0.7525,1
12h,17,45,w,2r5/kb4Qp/1p6/1P1r4/6p1/4q3/2P1B2P/2K5 w - - 0 27,c1b2,e3e2,e3e2,3,3,3,0-1,21,BUDGET,True,0.5454,-0.6067,-0.7461,0.3887,True,c1b2,64,-0.8588,-0.8588,True,59,-0.8765,3,c1b1,512,-0.9025,-0.9025,True,507,-0.9050,3
12h,18,15,w,r1bqk1nr/1pp3bp/2np4/4pp1P/P1P3p1/1Q1PPN2/3N1PP1/R1B1KB1R w KQkq - 0 12,f3g5,d8g5,d8g5,3,3,0,0-1,51,PRIOR,True,0.6733,-0.0098,0.1230,0.0388,True,f3g5,30,0.0444,0.0444,True,0,nan,3,f3g5,240,0.0605,0.0605,True,0,nan,3
12h,18,65,w,8/1p3n2/2p5/3b1pk1/3P1r1p/6p1/3R2P1/4rBKR w - - 3 37,d2d3,e1f1,e1f1,3,3,3,0-1,1,BUDGET,False,0.4294,-0.7910,-0.7939,0.0338,True,d2b2,43,-0.8278,-0.8278,True,0,nan,3,d2b2,76,-0.8414,-0.8414,True,0,nan,3
12h,19,7,w,r1bqkb1Q/1pppppp1/p4n1p/8/7N/4P3/PPn2PPP/RNB1KB1R w KQq - 0 8,e1e2,c2a1,c2a1,5,5,5,1/2-1/2,60,OTHER(forced),True,0.3486,0.1016,0.1753,0.9497,True,e1e2,54,-0.0991,-0.0991,True,53,-0.1034,5,e1e2,427,-0.0896,-0.0896,True,426,-0.0901,5
12h,19,13,w,r2qkb1Q/1pp1ppp1/p4n1p/3p1b2/8/P3PN2/1P2KPPP/nNB2B1R w q - 1 11,h1g1,f5b1,f5b1,3,3,0,1/2-1/2,54,PRIOR,False,0.0634,-0.2358,0.0278,0.0770,True,b1d2,30,-0.0890,-0.0890,True,0,nan,0,h1g1,240,-0.0957,-0.0957,True,0,nan,3
12h,19,17,w,r2qkb1Q/1pp1ppp1/p4n1p/3p4/6P1/Pn2PN2/1P2KP1P/1bB2BR1 w q - 1 13,g4g5,b3c1,b3c1,3,3,0,1/2-1/2,50,BUDGET,True,0.2869,-0.2451,-0.1377,0.1432,True,g4g5,30,-0.2586,-0.2586,True,0,nan,3,f1h3,240,-0.3536,-0.3536,True,0,nan,0
12h,20,11,w,rn2k2r/p1pp2pp/1p2p2n/5p2/NqPP4/5P1P/PP3PP1/R2QKB1R w KQkq - 1 10,d1d2,b4a4,b4a4,3,3,1,1/2-1/2,56,BUDGET,True,0.1375,0.1582,0.1411,0.4324,True,d1d2,54,0.0729,0.0729,True,0,nan,3,a4c3,427,-0.0116,-0.0116,True,0,nan,1
12h,21,39,w,2r1k2r/1Qp1q3/p4npp/3b4/5B2/P1PB1N2/2P4P/3RK3 w - - 2 24,f3e5,d5b7,d5b7,9,9,9,0-1,29,BUDGET,False,0.2983,0.0723,-0.0186,0.4976,True,f4e3,39,-0.7041,-0.7041,True,38,-0.7221,9,e1f2,301,-0.7779,-0.7779,True,300,-0.7805,9
12h,22,53,w,2n1k3/2p2r2/1p1b1B2/pP1Rp3/P3P2p/2P4N/5K1P/8 w - - 1 31,h3g5,f7f6,f7f6,3,3,2,1/2-1/2,16,BUDGET,True,0.2588,0.5029,0.4263,0.6338,True,h3g5,30,-0.2235,-0.2235,True,29,-0.2459,3,h3g1,240,-0.1320,-0.1320,True,239,-0.1343,3
12h,23,27,w,N2k3r/pb2n1p1/2pb1p2/4p2p/3p3P/3P1P2/P1P3P1/RNBQK2R w KQ - 0 18,b1d2,b7a8,b7a8,3,3,3,1-0,48,BUDGET,False,0.2000,0.8438,0.8693,0.6064,True,e1g1,30,0.7936,0.7936,True,29,0.7910,3,e1g1,112,0.8006,0.8006,True,111,0.7999,3
12h,24,35,w,4q1k1/1p1n2p1/2p4p/3p1Q2/3n1PP1/r7/P3B2P/R4K1R w - - 0 22,f5b1,e8e2,e8e2,3,3,3,1/2-1/2,41,BUDGET,False,0.0152,0.1748,-0.2881,0.0159,True,e2d3,0,-1.0000,-0.5823,False,0,nan,6,f5h5,0,-1.0000,-0.7160,False,0,nan,3
12h,24,43,w,6k1/1p1n2p1/2p4p/3p4/3n1P2/5r2/P5qP/RQ2K2R w - - 4 26,f4f5,g2h1,g2h1,5,5,4,1/2-1/2,33,BUDGET,True,0.1074,-0.6272,-0.7578,0.5732,True,f4f5,30,-0.7645,-0.7645,True,6,-0.6590,5,b1b7,112,-0.8434,-0.8434,True,6,-0.6590,4
12h,25,35,w,3r1rk1/p3n1p1/1p2b2p/nPb4P/3NPpP1/P2P4/5K2/1R1Q1BR1 w - - 1 22,d1f3,d8d4,d8d4,3,3,0,1/2-1/2,43,BUDGET,False,0.3054,0.5156,0.5125,0.7944,True,b1c1,14,0.1845,0.1845,True,13,0.1593,3,g4g5,112,0.1739,0.1739,True,111,0.1709,3
12h,25,55,w,5r2/p5k1/1p6/1PbrP3/5pP1/P2P1K1Q/3n4/1R6 w - - 2 32,f3g2,d2b1,d2b1,5,5,5,1/2-1/2,23,OTHER(forced),True,0.5928,0.0293,-0.0205,0.4336,True,f3g2,64,-0.0683,-0.0683,True,61,-0.0739,5,f3g2,512,-0.1901,-0.1901,True,509,-0.1915,5
12h,27,11,w,r2qkb1r/pbp2ppp/1p2pn2/8/2pP4/Pn2PN2/4BPPP/RNBQK2R w KQkq - 0 10,e2c4,b3a1,b3a1,4,4,0,1/2-1/2,73,BUDGET,False,0.6509,0.0049,0.0073,0.5815,True,c1b2,14,-0.1842,-0.1842,True,13,-0.1990,2,c1b2,240,-0.1713,-0.1713,True,239,-0.1720,2
12h,27,53,w,2r2k2/p4p1p/1p2p1pP/6P1/4P2n/2r2B2/4KP2/3R4 w - - 1 31,d1d7,h4f3,h4f3,3,3,0,1/2-1/2,31,BUDGET,False,0.1106,-0.6130,-0.2949,0.3284,True,f3g4,14,-0.6777,-0.6777,True,13,-0.7071,0,f3g4,48,-0.7299,-0.7299,True,47,-0.7391,0
12h,29,75,w,3kn3/pp3r2/2pBn3/8/P7/5K1p/1P6/2R5 w - - 6 42,f3g4,e8d6,e8d6,3,3,3,1/2-1/2,15,BUDGET,False,0.2257,-0.4775,-0.3359,0.8403,True,f3g3,7,-0.7561,-0.7561,True,6,-0.8262,3,d6f4,343,-0.7872,-0.7872,True,342,-0.7885,3
12h,31,11,w,rnbq1rk1/1pp3p1/5n1p/p2p1B2/Pb1PP3/2N3P1/1P3P1P/R1BQK1NR w KQ - 0 10,e4e5,c8f5,c8f5,3,3,0,1/2-1/2,79,BUDGET,False,0.3892,0.1729,0.1797,0.9160,True,f5c8,2,0.0671,0.0671,True,1,-0.0454,0,f5c8,48,0.0135,0.0135,True,47,0.0100,0
12h,31,25,w,3r1rk1/1p4pb/n1p1q2p/p2p4/Pb1P2P1/1QN1B3/1P2NP1P/R3K1R1 w Q - 3 17,e2f4,f8f4,f8f4,3,3,0,1/2-1/2,65,PRIOR,True,0.1168,0.0762,0.1997,0.0665,True,e2f4,30,0.1995,0.1995,True,0,nan,3,e2f4,240,0.1461,0.1461,True,0,nan,3
12h,32,27,w,r1bq1rk1/1p3p2/n2p3p/3pb3/2P3PP/4KP1N/P3P3/R2Q1B1R w - - 0 18,d1d5,e5a1,e5a1,4,4,1,1/2-1/2,63,BUDGET,False,0.6802,0.0859,0.0103,0.0941,True,e3f2,14,-0.1589,-0.1589,True,0,nan,2,e3f2,112,-0.2151,-0.2151,True,0,nan,2
12h,32,43,w,2b1nrkb/1p3p2/7p/3K3P/2P3P1/r3PP1N/8/5B1R w - - 0 26,f1d3,a3d3,a3d3,3,3,0,1/2-1/2,47,BUDGET,True,0.2317,-0.2378,-0.3818,0.0515,True,f1d3,36,-0.3900,-0.3900,True,0,nan,3,h3f4,269,-0.4060,-0.4060,True,0,nan,1
12h,33,17,w,r2qk1nr/p4pp1/1p6/4pb1p/2Pp3P/P2n1P2/PQ2N1P1/R1B1KB1R w KQkq - 0 13,e1d1,d3b2,d3b2,6,6,6,0-1,73,BUDGET,True,0.4751,-0.0142,-0.3613,0.1750,True,e1d1,64,-0.6795,-0.6795,True,62,-0.6913,6,e1d2,512,-0.6903,-0.6903,True,510,-0.6918,6
12h,33,53,w,2rr3k/R4p2/1p6/4p3/P7/1Kp2q2/P7/6R1 w - - 1 31,a7f7,f3f7,f3f7,4,4,0,0-1,37,PRIOR,True,0.0304,-0.8328,-0.7725,0.0232,True,a7f7,30,-0.5582,-0.5582,True,0,nan,4,a7f7,240,-0.7036,-0.7036,True,0,nan,4
12h,34,69,w,8/6kp/5pb1/p2n4/P1Nr2K1/8/8/6RR w - - 4 39,g4h3,d4c4,d4c4,3,3,3,1/2-1/2,24,OTHER(forced),True,0.1151,0.0400,-0.0518,0.1815,True,g4h3,54,-0.4239,-0.4239,True,51,-0.4481,3,g4h3,427,-0.4082,-0.4082,True,424,-0.4110,3
12h,35,41,w,3r1rk1/1b2q1p1/pp2p3/5ppP/3pP1R1/P4Q2/1P2BP2/3R1K2 w - - 0 25,g4g5,e7g5,e7g5,4,4,0,1/2-1/2,52,PRIOR,True,0.1785,0.1758,0.2266,0.2294,True,g4g5,30,-0.1094,-0.1094,True,0,nan,4,g4g5,240,-0.0572,-0.0572,True,0,nan,4
12h,35,63,w,4r2k/3R2p1/pp3r2/6Q1/4p3/P6q/1P3P2/5K2 w - - 5 36,f1g1,h3d7,h3d7,5,5,5,1/2-1/2,30,OTHER(forced),True,0.5454,-0.0854,0.0698,0.0500,True,f1g1,48,0.2171,0.2171,True,0,nan,5,f1g1,384,0.0250,0.0250,True,0,nan,5
12h,35,81,w,6k1/6p1/1p3r2/1p2Q3/6q1/P4p2/8/3r3K w - - 2 45,e5e1,d1e1,d1e1,9,9,0,1/2-1/2,12,VALUE,False,0.0191,-0.9019,-0.9707,0.5850,True,h1h2,64,-0.9421,-0.9421,True,13,-0.8398,0,e5e1,512,-0.9186,-0.9186,True,13,-0.8398,9
12h,36,37,w,r4rk1/pbp2p2/1p4p1/4R3/3Pp3/PPP5/2QN2P1/R4K1q w - - 4 23,f1e2,h1a1,h1a1,5,5,5,1/2-1/2,58,OTHER(forced),True,0.6025,-0.0742,-0.0400,0.3591,True,f1e2,64,-0.2278,-0.2278,True,0,nan,5,f1e2,512,-0.2609,-0.2609,True,0,nan,5
12h,37,45,w,r3q1nr/1b1n1k2/p4pp1/1pp1bN2/4p2P/P1P1B3/1PQ1B3/R3K2R w KQ - 0 27,a1d1,g6f5,g6f5,3,3,0,0-1,51,BUDGET,False,0.0886,-0.0591,-0.2119,0.6816,True,c2b3,14,-0.3952,-0.3952,True,13,-0.4093,0,f5d4,48,-0.4459,-0.4459,True,47,-0.4508,2
12h,37,75,w,6r1/4nk2/p1bR1p2/1p2np2/PQp1q3/2P1K3/1P2B2r/5R2 w - - 1 42,e3d2,h2e2,h2e2,3,3,99,0-1,21,OTHER(forced),True,1.0000,-0.7004,-0.7109,0.0259,True,e3d2,128,-0.8038,-0.8038,True,0,nan,3,e3d2,1024,-0.8183,-0.8183,True,0,nan,3
12h,37,93,w,3r4/4nk2/5p2/1pR2p2/1P6/3b4/KP1pr3/8 w - - 2 51,c5c7,d2d1q,d2d1q,8,8,7,0-1,3,BUDGET,False,0.1472,-0.9495,-0.9746,0.3162,True,c5c3,6,-0.9767,-0.9767,True,4,-0.9865,8,b2b3,138,-0.9710,-0.9710,True,136,-0.9712,8
12h,39,13,w,Bnb1k2r/p3p1bp/1pp2n2/3q2B1/P1pP2p1/4P3/1PQ2P1P/RN2K1NR w KQk - 2 11,e3e4,d5g5,d5g5,3,3,2,1/2-1/2,83,VALUE,False,0.0491,0.3877,0.1597,0.1625,True,a8c6,14,0.0719,0.0719,True,11,0.0222,2,e3e4,240,0.1029,0.1029,True,237,0.1010,3
12h,40,63,w,3r3k/pp3Q2/2p4r/4P2P/2R5/3Pp3/3qB2K/8 w - - 3 36,e5e6,d2e2,d2e2,3,3,1,0-1,37,BUDGET,False,0.1708,0.2617,0.1650,0.2041,True,h2g3,30,0.1375,0.1375,True,28,0.1279,3,h2g3,240,0.2033,0.2033,True,238,0.2027,3
12h,40,71,w,5r1k/pp3Q2/2pqP2r/2R4P/8/4pK2/8/8 w - - 4 40,f3e3,f8f7,d6c5,3,4,4,0-1,29,BUDGET,True,0.1659,0.2051,-0.0146,0.0781,True,f3e3,30,-0.9086,-0.9086,True,0,nan,4,c5f5,48,-0.9318,-0.9318,True,0,nan,4
12h,42,45,w,5rk1/1bp3b1/pp1p4/2nPpQpq/1P6/P1N1P1B1/2P1NP2/2R2K2 w - - 1 27,f5f8,g8f8,g8f8,4,4,4,0-1,57,OTHER(forced),True,0.0262,-0.0405,0.2412,0.0538,True,f5f8,30,-0.1708,-0.1708,True,0,nan,4,f5f8,240,-0.2199,-0.2199,True,0,nan,4
12h,42,55,w,5k2/2p3b1/p2p4/2pqp1p1/8/P3P1B1/2P2P2/1R3KN1 w - - 0 32,g1f3,d5f3,d5f3,3,3,0,0-1,47,BUDGET,False,0.2194,-0.2251,-0.4277,0.0359,True,b1b8,14,-0.4694,-0.4694,True,0,nan,0,b1b8,48,-0.5596,-0.5596,True,0,nan,0
12h,42,73,w,3b4/1q2k3/R2p4/P1p1p1p1/8/4P1B1/2P2P2/6K1 w - - 1 41,a6d6,e7d6,e7d6,4,4,2,0-1,29,BUDGET,True,0.2854,-0.3633,-0.1230,0.7871,True,a6d6,30,-0.8083,-0.8083,True,29,-0.8320,4,g3h4,112,-0.8469,-0.8469,True,111,-0.8534,5
12h,43,47,w,3r1rk1/1pp3p1/p4p1p/7P/2PB2b1/P1QP4/1PK1B1q1/R7 w - - 0 28,a1g1,g2e2,g2e2,3,3,1,1/2-1/2,58,PRIOR,True,0.1759,-0.1665,0.0112,0.0156,True,a1g1,30,0.1201,0.1201,True,0,nan,3,a1g1,240,0.0309,0.0309,True,0,nan,3
12h,44,25,w,3kr3/1p1n2pp/p1rBbn2/4pp2/N7/3BPP2/P1P2KPP/2R3NR w - - 9 17,g1e2,c6d6,c6d6,3,3,1,1/2-1/2,82,BUDGET,False,0.0632,0.4590,0.3950,0.1566,True,d6a3,2,0.3157,0.3157,True,1,0.2363,1,d6a3,16,0.1061,0.1061,True,15,0.0868,1
12h,44,79,w,3k4/7p/p4np1/5p2/N4P1P/P4K2/8/2r5 w - - 3 44,a4c5,c1c5,c1c5,3,3,0,1/2-1/2,28,PRIOR,True,0.0881,-0.7771,-0.7510,0.1598,True,a4c5,43,-0.8263,-0.8263,True,0,nan,3,a4c5,336,-0.8164,-0.8164,True,0,nan,3
12h,47,21,w,1rbq1rk1/1pp3pp/3p4/p2Ppn2/7b/P2PBP1P/1P2P1K1/2RQ1BNR w - - 0 15,d1c2,f5e3,f5e3,3,3,0,0-1,29,BUDGET,False,0.5654,0.0127,-0.1191,0.9058,True,c1c2,30,-0.6241,-0.6241,True,25,-0.7328,3,e3a7,48,-0.6395,-0.6395,True,43,-0.7045,0
12h,47,23,w,1rbq1rk1/1pp3pp/3p4/p2Pp3/7b/P2PnP1P/1PQ1P1K1/2R2BNR w - - 0 16,g2h2,e3c2,e3c2,6,6,99,0-1,27,OTHER(forced),True,1.0000,-0.0933,-0.5576,0.8418,True,g2h2,128,-0.7562,-0.7562,True,127,-0.7578,6,g2h2,1024,-0.7982,-0.7982,True,1023,-0.7984,6
12h,47,47,w,5rk1/1p4pp/3p4/p2Pp1q1/P6b/3P1K1b/1PR1N3/3R4 w - - 5 28,e2f4,g5f4,g5f4,3,3,0,0-1,3,PRIOR,True,0.0151,-0.7673,-0.8691,0.0229,True,e2f4,64,-0.9234,-0.9234,True,0,nan,3,e2f4,512,-0.9217,-0.9217,True,0,nan,3
12h,48,15,w,r1b1k1nr/1pp2ppp/8/2b1p3/p1Pq4/3P1P2/PP3KPP/R1BQ1BNR w kq - 0 12,c1e3,d4e3,d4e3,3,3,0,0-1,3,PRIOR,True,0.9790,-0.0527,-0.1191,0.0080,True,c1e3,48,-0.1032,-0.1032,True,0,nan,3,c1e3,384,-0.1145,-0.1145,True,0,nan,3
12h,49,5,w,rn2kbnr/ppp1ppp1/7p/1N2qb2/8/1P5P/P1PP1PP1/R1BQKBNR w KQkq - 2 7,f1e2,e5a1,e5a1,5,5,5,1/2-1/2,109,OTHER(forced),True,0.1992,0.0098,-0.0098,0.0874,True,f1e2,54,0.1641,0.1641,True,0,nan,5,f1e2,427,0.1121,0.1121,True,0,nan,5
12h,49,61,w,N2k4/1B2npp1/4p3/8/4K2p/8/p4P2/8 w - - 0 35,e4e5,a2a1r,a2a1q,4,8,8,1/2-1/2,53,OTHER(forced),False,0.4287,-0.4434,-0.4395,0.2864,True,a8b6,6,-0.8153,-0.8153,True,5,-0.8905,8,e4e5,272,-0.9106,-0.9106,True,271,-0.9123,8
12h,49,87,w,8/2k2B2/4p1p1/8/2N2K1p/6n1/5r2/8 w - - 5 48,f4g5,f2f7,f2f7,3,3,3,1/2-1/2,27,OTHER(forced),True,0.4045,-0.7283,-0.6953,0.1705,True,f4g5,48,-0.8019,-0.8019,True,0,nan,3,f4g5,384,-0.7638,-0.7638,True,0,nan,3
12h,50,23,w,r3k1n1/pppb2b1/3p4/3PppP1/6p1/4PnN1/PPP2P2/R1BQKB1r w Qq - 2 16,d1f3,g4f3,g4f3,6,6,1,1/2-1/2,92,BUDGET,False,0.7378,0.0830,0.1958,0.8892,True,e1e2,64,0.0049,0.0049,True,63,0.0018,1,e1e2,512,-0.0663,-0.0663,True,511,-0.0668,1
12h,50,35,w,r3k2b/pppb4/3p4/4ppP1/2B5/4PpN1/PPn2P2/R1B1K3 w Qq - 0 22,e1d2,c2a1,c2a1,5,5,5,1/2-1/2,80,BUDGET,True,0.6846,-0.1104,-0.4785,0.9917,True,e1d2,54,-0.6404,-0.6404,True,53,-0.6439,5,e1d1,427,-0.6792,-0.6792,True,426,-0.6798,5
12h,50,65,w,3k3b/p7/2ppb3/1p2p3/4Pp2/P2K1B2/1P2Nr2/8 w - - 0 37,e2c1,f2f3,f2f3,3,3,0,1/2-1/2,50,VALUE,False,0.0419,-0.8384,-0.8730,0.5728,True,f3h5,2,-0.9037,-0.9037,True,1,-0.9344,0,e2c1,240,-0.8905,-0.8905,True,239,-0.8906,3
12h,51,25,w,r2k4/p1p2pR1/p2p1n2/8/3PpP2/P3Pb2/P1PQr3/3R2K1 w - - 0 17,g7f7,e2d2,e2d2,3,3,0,1/2-1/2,91,BUDGET,False,0.2119,0.4268,0.3613,0.8862,True,d2b4,14,0.1268,0.1268,True,13,0.1088,1,d2c3,48,0.2038,0.2038,True,47,0.2005,0
12h,51,57,w,8/R1p5/3pk3/8/2n1p3/4Kb2/P1PR4/8 w - - 12 33,e3f4,c4d2,c4d2,5,5,5,1/2-1/2,59,BUDGET,False,0.3149,0.6650,0.4575,0.6338,True,e3d4,53,-0.0469,-0.0469,True,52,-0.0566,5,e3d4,427,-0.1222,-0.1222,True,426,-0.1235,5
12h,51,75,w,8/3k4/R7/3K4/1n2p3/5b2/P7/8 w - - 1 42,d5c4,b4a6,b4a6,5,5,5,1/2-1/2,41,OTHER(forced),False,0.2632,0.4209,0.1221,0.7422,True,d5c5,16,-0.6095,-0.6095,True,15,-0.6583,5,d5c4,384,-0.7231,-0.7231,True,383,-0.7253,5
12h,52,27,w,r4rk1/pp4bp/4b3/1P1p4/1Q4pP/2N1P3/3B1qP1/R3KBNR w KQ - 0 18,e1d1,f2f1,f2f1,3,3,99,0-1,91,OTHER(forced),True,1.0000,0.0215,0.0122,0.0305,True,e1d1,128,0.1084,0.1084,True,0,nan,3,e1d1,1024,0.1341,0.1341,True,0,nan,3
12h,52,29,w,r4rk1/pp4bp/4b3/1P1p4/1Q4pP/2N1P3/3B2P1/R2K1qNR w - - 0 19,d1c2,f1a1,f1a1,5,5,1,0-1,89,BUDGET,False,0.9980,0.1055,0.0537,0.4536,True,d2e1,64,-0.1705,-0.1705,True,63,-0.1740,1,d2e1,512,-0.3626,-0.3626,True,511,-0.3634,1
12h,52,39,w,2r2rk1/pp5p/4b3/1P1p4/6pP/2Q1P3/2K3P1/6NR w - - 1 24,c3c8,f8c8,f8c8,4,4,4,0-1,79,OTHER(forced),True,0.0924,0.4854,0.5095,0.6162,True,c3c8,30,-0.2051,-0.2051,True,29,-0.2297,4,c3c8,240,-0.1085,-0.1085,True,239,-0.1111,4
12h,52,71,w,2r3k1/pp2K2p/8/3b4/7P/1N2P3/4R1p1/8 w - - 6 40,b3d2,g2g1r,g2g1q,4,8,3,0-1,47,BUDGET,True,0.1014,-0.3755,-0.5303,0.0283,True,b3d2,30,-0.5302,-0.5302,True,0,nan,8,h4h5,48,-0.5894,-0.5894,True,0,nan,8
12h,52,95,w,4r1k1/pp5p/3K1r1P/4N3/4b3/4P3/3R4/8 w - - 15 52,d6c7,e8e5,e8e5,3,3,3,0-1,23,OTHER(forced),False,0.4189,-0.3525,-0.5117,0.1816,True,d6c5,53,-0.8385,-0.8385,True,51,-0.8516,3,d6c7,427,-0.8458,-0.8458,True,425,-0.8474,3
12h,52,109,w,4k3/ppKR3p/2r5/4r3/4b3/4P3/8/8 w - - 4 59,c7b7,e8d7,e8d7,4,4,5,0-1,9,BUDGET,True,0.8516,-0.7673,-0.6787,0.8569,True,c7b7,64,-0.9805,-0.9805,True,63,-0.9853,4,c7b8,512,-0.9914,-0.9914,True,511,-0.9920,5
12h,53,23,w,1r1q1rk1/ppp2p2/2n1b2p/3p2p1/6P1/P1n1PN1P/2P1BP2/1RBQ1KR1 w - - 0 16,d1d3,c3b1,c3b1,5,5,5,0-1,97,OTHER(forced),True,0.5366,0.0664,-0.1348,0.2920,True,d1d3,30,-0.3347,-0.3347,True,28,-0.3560,5,d1d3,240,-0.3816,-0.3816,True,238,-0.3844,5
12h,53,45,w,5r1k/pp6/5q1p/1Qp2rp1/P1B5/4P2P/5P2/5KR1 w - - 1 27,c4d5,f5d5,f5d5,3,3,0,0-1,75,BUDGET,False,0.2297,-0.0537,0.0464,0.0302,True,c4d3,6,-0.1467,-0.1467,True,0,nan,1,c4d3,16,-0.1593,-0.1593,True,0,nan,1
12h,53,85,w,3r4/p4k2/7p/8/4P3/6K1/1p3P2/8 w - - 1 47,g3g4,b2b1q,b2b1q,8,8,8,0-1,35,OTHER(forced),True,0.0909,-0.9106,-0.9062,0.4548,True,g3g4,43,-0.9762,-0.9762,True,42,-0.9778,8,g3g4,336,-0.9797,-0.9797,True,335,-0.9799,8
12h,54,37,w,3r1rk1/p4pp1/1p5p/2p1p1q1/2Pn2P1/P1RPNP2/4B2P/3Q2K1 w - - 5 23,h2h4,g5e3,g5e3,3,3,0,0-1,23,BUDGET,False,0.1204,-0.0737,-0.0469,0.2927,True,e3d5,30,-0.1226,-0.1226,True,0,nan,0,e3d5,240,-0.1552,-0.1552,True,0,nan,0
12h,55,51,w,2k4r/pppb1Rp1/2n5/8/2QPB2q/P3P3/1P6/3RK3 w - - 1 30,f7f2,h4e4,h4e4,3,3,3,1/2-1/2,72,OTHER(forced),False,0.1456,0.4160,0.1528,0.0669,True,e1f1,16,-0.0131,-0.0131,True,0,nan,3,f7f2,384,0.1930,0.1930,True,0,nan,3
12h,55,67,w,2kr4/ppp3p1/2n5/2Qb1K2/3P1R2/P3q3/3R4/8 w - - 0 38,f5g6,e3f4,e3f4,5,5,0,1/2-1/2,56,BUDGET,False,0.1858,-0.0625,-0.2510,0.1152,True,d2c2,6,-0.5082,-0.5082,True,4,-0.6375,0,d2b2,16,-0.6585,-0.6585,True,14,-0.7169,0
12h,55,73,w,2kr2b1/ppp3pK/2n5/2Q5/3P2q1/P7/8/3R4 w - - 4 41,h7h8,g4d1,g4d1,5,5,99,1/2-1/2,50,OTHER(forced),True,1.0000,-0.6345,-0.7295,0.0219,True,h7h8,128,-0.8513,-0.8513,True,0,nan,5,h7h8,1024,-0.8794,-0.8794,True,0,nan,5
12h,56,45,w,3r1r2/p1q2k2/1p3bp1/1P1p3p/2b5/P1QnP2B/5PP1/3RK2R w K - 4 27,d1d3,f6c3,f6c3,3,3,3,1/2-1/2,79,BUDGET,True,0.2100,-0.5959,-0.3262,0.4844,True,d1d3,52,-0.7587,-0.7587,True,51,-0.7672,3,c3d3,410,-0.8360,-0.8360,True,409,-0.8373,3
12h,56,111,w,R7/pk3r2/8/4P1r1/2K5/8/8/8 w - - 3 60,e5e6,b7a8,b7a8,5,5,0,1/2-1/2,13,BUDGET,False,0.1750,-0.4673,-0.2842,0.3354,True,a8h8,30,-0.3517,-0.3517,True,16,-0.2483,1,a8e8,240,-0.6855,-0.6855,True,16,-0.2483,0
12h,57,21,w,Nn4r1/pp2kpQ1/2pb1n1p/3pp3/8/3PP3/PPPB1PPP/3NKB1R w K - 1 15,g7g8,f6g8,f6g8,4,4,-1,0-1,103,VALUE,False,0.2134,0.8867,0.9067,0.9160,True,g7h6,30,0.8349,0.8349,True,29,0.8324,-1,g7g8,240,0.8003,0.8003,True,239,0.7998,4
12h,57,103,w,6R1/kp1P4/2n4p/2PK3P/5PP1/8/p7/8 w - - 0 56,g8h8,a2a1q,a2a1q,8,8,0,0-1,21,BUDGET,False,0.2445,0.6943,0.8392,0.1917,True,d7d8q,6,0.2153,0.2153,True,5,0.0905,0,g8b8,240,0.2034,0.2034,True,239,0.2007,8
12h,59,33,w,1r1qkb1r/p4pp1/2np4/2p1p3/2P1P2p/P3BPnP/2P1BKP1/3Q2NR w k - 3 21,c2c3,g3h1,g3h1,5,5,0,1/2-1/2,95,BUDGET,False,0.3855,-0.1641,-0.1689,0.6455,True,h1h2,14,-0.5133,-0.5133,True,13,-0.5397,0,h1h2,240,-0.5869,-0.5869,True,239,-0.5887,0
12h,60,37,w,4rrk1/1b3ppp/2p3n1/2q5/2B1Q1P1/P1N2P2/7P/3RKR2 w - - 6 23,g4g5,e8e4,e8e4,4,4,2,1/2-1/2,38,PRIOR,True,0.1150,0.0576,-0.0596,0.1936,True,g4g5,30,-0.4070,-0.4070,True,0,nan,4,g4g5,240,-0.4287,-0.4287,True,0,nan,4
12h,60,63,w,2b2nk1/1N3ppp/2p5/3r2PP/5K2/P4P2/8/8 w - - 11 36,b7c5,d5c5,d5c5,3,3,3,1/2-1/2,12,OTHER(forced),False,0.1750,-0.7197,-0.9189,0.5474,True,a3a4,9,-0.9337,-0.9337,True,7,-0.9657,3,b7c5,336,-0.9548,-0.9548,True,334,-0.9556,3
12h,61,87,w,3k4/7R/4pp1p/3p4/8/1K1q4/8/8 w - - 5 48,b3a4,d3h7,d3h7,5,5,5,0-1,47,OTHER(forced),True,0.2908,-0.8746,-0.7754,0.1599,True,b3a4,48,-0.9118,-0.9118,True,0,nan,5,b3a4,384,-0.9367,-0.9367,True,0,nan,5
12h,61,119,w,8/4k3/4pp1p/2q5/8/8/1K1p4/8 w - - 2 64,b2a1,d2d1q,d2d1q,8,8,8,0-1,15,BUDGET,False,0.2333,-0.9841,-0.9961,0.0208,True,b2b1,48,-0.9941,-0.9941,True,0,nan,8,b2b1,384,-0.9901,-0.9901,True,0,nan,8
12h,62,57,w,2k5/p3bp2/1p4p1/2p1P1P1/2Q2P2/P2rB2p/1P3KqP/5R2 w - - 1 33,f2e1,d3e3,d3e3,3,3,99,0-1,9,OTHER(forced),True,1.0000,0.2012,-0.4570,0.6870,True,f2e1,128,-0.5067,-0.5067,True,126,-0.5108,3,f2e1,1024,-0.4257,-0.4257,True,1022,-0.4261,3
12h,62,61,w,3k4/p3bp2/1p4p1/2p1P1P1/2Q2P2/P3r2p/1P4qP/3K1R2 w - - 2 35,c4f7,g2f1,g2f1,4,4,1,0-1,5,BUDGET,False,0.2607,-0.4326,-0.1602,0.1571,True,d1c1,6,-0.4729,-0.4729,True,0,nan,1,f4f5,240,-0.4348,-0.4348,True,0,nan,1
12h,63,105,w,8/3Pk3/3rBp1p/6p1/4P1P1/5K2/8/8 w - - 1 57,e4e5,d6e6,d6e6,3,3,0,1/2-1/2,31,PRIOR,True,0.1890,0.2197,0.1909,0.1065,True,e4e5,30,-0.2788,-0.2788,True,0,nan,3,e4e5,240,-0.3239,-0.3239,True,0,nan,3
12h,65,59,w,6rk/p7/3q3p/3p3P/2pP1pb1/2Q5/PP1Nr1p1/5RKR w - - 0 34,h1h4,g2f1q,g2f1q,4,4,3,1/2-1/2,78,OTHER(forced),False,0.1866,-0.2212,-0.3184,0.4961,True,f1d1,6,-0.6180,-0.6180,True,5,-0.6779,4,h1h4,240,-0.4369,-0.4369,True,239,-0.4374,4
12h,65,89,w,3r2k1/Q7/7p/3p4/2pP4/5p1b/PP3R2/4q1K1 w - - 8 49,g1h2,e1f2,e1f2,5,5,5,1/2-1/2,48,OTHER(forced),True,0.5381,-0.3755,-0.2686,0.3159,True,g1h2,64,-0.7425,-0.7425,True,63,-0.7500,5,g1h2,512,-0.6448,-0.6448,True,511,-0.6455,5
12h,67,43,w,r1b2q1k/1p3r1p/2p1p2p/p1PpP2P/4P1R1/PPN1n3/2Q1BP2/3R1K2 w - - 1 26,f1g1,e3c2,e3c2,9,9,9,0-1,29,OTHER(forced),True,0.8540,0.1250,0.1294,0.6777,True,f1g1,64,-0.4785,-0.4785,True,63,-0.4881,9,f1g1,512,-0.5403,-0.5403,True,511,-0.5416,9
12h,67,51,w,r1b4k/1p2qr1p/2p4p/p2pP2P/N6R/PP6/2n1BP2/3R2K1 w - - 2 30,e5e6,e7h4,e7h4,5,5,1,0-1,21,VALUE,True,0.0626,-0.6443,-0.5693,0.4077,True,e5e6,30,-0.6539,-0.6539,True,29,-0.6568,5,e5e6,240,-0.6516,-0.6516,True,239,-0.6519,5
12h,68,7,w,r1b1kbnr/pp1p2pp/4p3/qBp1Pp2/3n3P/2NP1P2/PPP3P1/R1BQK1NR w KQkq - 1 8,a1b1,d4b5,d4b5,3,3,0,1/2-1/2,73,BUDGET,False,0.0359,0.0566,0.2202,0.1147,True,b5c4,30,0.0933,0.0933,True,0,nan,0,b5c4,112,0.0718,0.0718,True,0,nan,0
12h,68,27,w,r1bqkb1r/1p4pp/p3pn2/1Rp1Bp1P/2Pp4/1Q1P1P2/P3N1P1/4K2R w Kkq - 0 18,e5c7,d8c7,a6b5,3,4,0,1/2-1/2,53,BUDGET,False,0.0196,-0.2070,-0.0537,0.5610,True,e5f6,30,-0.4265,-0.4265,True,8,-0.0528,1,b5b7,48,-0.5503,-0.5503,True,8,-0.0528,1
12h,68,29,w,r1b1kb1r/1pq3pp/p3pn2/1Rp2p1P/2Pp4/1Q1P1P2/P3N1P1/4K2R w Kkq - 0 19,a2a3,a6b5,a6b5,4,4,0,1/2-1/2,51,BUDGET,False,0.1191,-0.4238,-0.4053,0.7207,True,h1h4,6,-0.6773,-0.6773,True,5,-0.7317,4,h1h4,48,-0.7586,-0.7586,True,47,-0.7662,4
12h,70,51,w,2k4r/4n3/rpp2q2/p2pNb1Q/3Pp2P/P1B1P3/1P3P1K/5R1R w - - 9 30,h5h8,f6h8,f6h8,4,4,1,0-1,13,VALUE,False,0.1270,0.1465,0.5540,0.9702,True,h5f7,30,-0.1492,-0.1492,True,29,-0.1735,1,h5h8,240,-0.1916,-0.1916,True,239,-0.1947,4
12h,71,63,w,2krr3/p1p4R/1p6/4K3/2P4P/P7/4R3/8 w - - 1 36,e5f6,e8e2,e8e2,5,5,5,1/2-1/2,82,OTHER(forced),True,0.6621,0.4727,0.3184,0.2125,True,e5f6,48,0.1061,0.1061,True,0,nan,5,e5f6,384,0.1257,0.1257,True,0,nan,5
12h,72,35,w,3r1rk1/p2b2pp/1pn1p2q/1Np2p2/8/P2PP1PB/1PQ2K1P/3R3R w - - 1 22,b5d6,h6h3,h6h3,3,3,0,0-1,67,BUDGET,True,0.0391,-0.0205,0.0127,0.0154,True,b5d6,30,0.0149,0.0149,True,0,nan,3,h3g2,112,-0.0615,-0.0615,True,0,nan,0
12h,72,79,w,3r4/p4k1p/1pQ1p1p1/3r1p2/P5q1/3p4/1P1R4/3R2K1 w - - 6 44,d2g2,g4d1,g4d1,5,5,0,0-1,23,BUDGET,True,0.0449,-0.4121,-0.4863,0.0630,True,d2g2,52,-0.3664,-0.3664,True,0,nan,5,g1h2,410,-0.5096,-0.5096,True,0,nan,0
12h,72,91,w,3r4/p2r1k1p/1p2p1p1/3q1p2/P7/2Q5/1P3K1R/3n4 w - - 0 50,f2g3,d1c3,d1c3,6,6,6,0-1,11,BUDGET,False,0.1702,-0.7476,-0.8701,0.7715,True,f2g1,52,-0.9909,-0.9909,True,51,-0.9933,6,f2e1,68,-0.9921,-0.9921,True,67,-0.9939,6
12h,72,101,w,3r4/p4k1p/1p2p1p1/5pR1/P2r3K/2q5/8/8 w - - 2 55,g5g4,d4g4,d4g4,5,5,99,0-1,1,OTHER(forced),True,1.0000,-0.9868,-0.9961,0.2803,True,g5g4,128,-0.9999,-0.9999,True,126,-1.0000,5,g5g4,1024,-1.0000,-1.0000,True,1022,-1.0000,5
12h,73,21,w,r3k2r/pp1b1pp1/5q1p/1P2p3/1b1P4/3P1P2/1P2PP1P/1R1QKB1R w Kkq - 1 15,d1d2,b4d2,b4d2,6,6,99,1/2-1/2,51,OTHER(forced),True,1.0000,-0.0801,-0.1504,0.9673,True,d1d2,128,-0.7578,-0.7578,True,127,-0.7625,6,d1d2,1024,-0.7547,-0.7547,True,1023,-0.7553,6
12h,73,43,w,3rr1k1/ppR2pp1/7p/1b6/3P3P/3K4/1P2BP2/8 w - - 3 26,d3c3,b5e2,b5e2,3,3,2,1/2-1/2,29,VALUE,False,0.5557,-0.5281,-0.5498,0.5117,True,d3c2,48,-0.7881,-0.7881,True,47,-0.7931,3,d3c3,384,-0.7442,-0.7442,True,383,-0.7447,3
12h,74,55,w,r1b4r/1p2k3/2pR4/p1P1P1P1/4q3/P5QP/1P6/4K2R w K - 3 32,e1f2,e4h1,e4h1,5,5,5,1/2-1/2,52,OTHER(forced),True,0.5396,0.2070,0.3135,0.0573,True,e1f2,52,0.1120,0.1120,True,0,nan,5,e1f2,410,0.2279,0.2279,True,0,nan,5
12h,75,89,w,1k6/Rp4p1/2p5/1r4b1/4K3/1P2PB2/8/8 w - - 15 49,a7a8,b8a8,b8a8,5,5,0,1/2-1/2,67,PRIOR,True,0.1541,-0.1855,-0.1299,0.3293,True,a7a8,30,-0.2245,-0.2245,True,0,nan,5,a7a8,240,-0.2664,-0.2664,True,0,nan,5
12h,77,27,w,N2r4/5kpp/ppn2n2/4p3/P3b3/BP6/2K2PPP/5B1R w - - 0 18,f1d3,e4d3,e4d3,3,3,3,1/2-1/2,131,BUDGET,True,0.0852,0.0088,-0.1543,0.1757,True,f1d3,48,-0.3104,-0.3104,True,0,nan,3,c2b2,384,-0.3251,-0.3251,True,0,nan,3
12h,77,31,w,N2r4/5kpp/ppn5/4p3/P3n3/BPKb4/5PPP/7R w - - 2 20,c3b2,d8a8,d8a8,3,3,99,1/2-1/2,127,OTHER(forced),True,1.0000,-0.3018,-0.4980,0.8638,True,c3b2,128,-0.5729,-0.5729,True,126,-0.5766,3,c3b2,1024,-0.6026,-0.6026,True,1022,-0.6031,3
12h,78,21,w,r2q1rk1/1bppn1pp/1p2pp2/pN5P/1n1P2P1/4PN2/P2B1P2/Q3KB1R w K - 1 15,a2a3,b7f3,b7f3,3,3,0,1/2-1/2,71,PRIOR,True,0.0829,-0.0742,0.0381,0.0622,True,a2a3,30,-0.1294,-0.1294,True,0,nan,3,a2a3,240,-0.0884,-0.0884,True,0,nan,3
12h,78,23,w,r2q1rk1/2ppn1pp/1p2pp2/pN5P/1n1P2P1/P3Pb2/3B1P2/Q3KB1R w K - 0 16,a1b2,f3h1,f3h1,5,5,0,1/2-1/2,69,BUDGET,False,0.1869,-0.2153,-0.4629,0.5254,True,a3b4,2,-0.5287,-0.5287,True,1,-0.5945,2,b5c7,240,-0.5854,-0.5854,True,239,-0.5859,4
12h,78,35,w,rq3rk1/3p2pp/1ppNpp2/3b3P/pP1P2P1/4P3/2QB1P2/4K3 w - - 0 22,h5h6,b8d6,b8d6,3,3,0,1/2-1/2,57,BUDGET,False,0.2266,-0.4375,-0.5176,0.3232,True,e1f1,30,-0.7631,-0.7631,True,28,-0.7833,3,d6f5,112,-0.7937,-0.7937,True,110,-0.7995,2
12h,78,51,w,r5k1/3p1r1p/1pp1p2B/4P3/p7/1b1QK2q/5P2/8 w - - 2 30,f2f3,h3h6,h3h6,3,3,3,1/2-1/2,41,OTHER(forced),True,0.2976,-0.8513,-0.9072,0.2751,True,f2f3,52,-0.9715,-0.9715,True,51,-0.9728,3,f2f3,410,-0.9772,-0.9772,True,409,-0.9774,3
12h,79,35,w,r3k2r/p1p1bpp1/4P2p/2p4P/P5P1/4Bb2/1Pn2P2/R2NK1R1 w Qkq - 2 22,e1d2,c2a1,c2a1,5,5,5,1/2-1/2,127,BUDGET,False,0.6318,-0.3271,-0.3545,0.9312,True,e1f1,64,-0.6510,-0.6510,True,63,-0.6556,5,e1f1,512,-0.6597,-0.6597,True,511,-0.6603,5
12h,79,87,w,5b2/p1p1nkp1/8/2K2rBP/8/1P6/8/8 w - - 1 48,c5b4,f5g5,f5g5,3,3,3,1/2-1/2,75,BUDGET,False,0.5962,-0.8280,-0.9287,0.9375,True,c5c4,53,-0.9821,-0.9821,True,52,-0.9831,3,c5c4,427,-0.9875,-0.9875,True,426,-0.9876,3
12h,80,25,w,1r2kr2/2pp1pQp/bp2p3/4b2q/4P3/4B2P/P1PN1KB1/R5NR w - - 7 17,g2f3,e5g7,e5g7,9,9,4,1/2-1/2,140,OTHER(forced),True,0.1063,0.4287,0.5378,0.7012,True,g2f3,30,0.1093,0.1093,True,29,0.0946,9,g2f3,240,0.1232,0.1232,True,239,0.1214,9
12h,81,61,w,1r3rk1/1B3p2/5pp1/p1p4p/P1Pp4/8/1P3K2/3R4 w - - 1 35,d1d2,b8b7,b8b7,3,3,1,1/2-1/2,44,BUDGET,False,0.0176,-0.6260,-0.5400,0.3340,True,b7e4,6,-0.8158,-0.8158,True,5,-0.8709,1,b7a6,48,-0.8870,-0.8870,True,47,-0.8944,1
12h,82,37,w,1b2k2r/1b1n1p2/2n1p1pp/1N4q1/6P1/3P4/PP2BN1P/2RQK2R w K - 1 23,e1g1,g5b5,g5b5,3,3,0,1/2-1/2,132,PRIOR,True,0.0348,0.4062,0.4136,0.0275,True,e1g1,30,0.4475,0.4475,True,0,nan,3,e1g1,240,0.4706,0.4706,True,0,nan,3
12h,82,53,w,b6Q/b2nkp2/4p1pp/1R6/3qN1P1/3P1n2/P3BR1P/6K1 w - - 1 31,e2f3,d4h8,d4h8,6,6,9,1/2-1/2,116,OTHER(forced),True,0.9297,0.5039,0.5491,0.3018,True,e2f3,48,-0.2150,-0.2150,True,47,-0.2313,6,e2f3,384,-0.3128,-0.3128,True,383,-0.3151,6
12h,82,61,w,8/R2nkp2/4p1pp/8/3q2P1/3P1R2/P6P/6K1 w - - 1 35,f3f2,d4a7,d4a7,5,5,5,1/2-1/2,108,OTHER(forced),True,0.0947,-0.4482,-0.2168,0.5879,True,f3f2,52,-0.7584,-0.7584,True,51,-0.7690,5,f3f2,410,-0.8129,-0.8129,True,409,-0.8144,5
12h,82,119,w,8/4kp2/4p1p1/7p/3R3P/8/Pq5K/8 w - - 1 64,h2g3,b2d4,b2d4,5,5,5,1/2-1/2,50,OTHER(forced),True,0.4006,-0.8924,-0.7783,0.3047,True,h2g3,52,-0.8866,-0.8866,True,0,nan,5,h2g3,410,-0.9001,-0.9001,True,0,nan,5
12h,83,9,w,rnbq3r/1pp2kpp/4pn2/p4pB1/1bP5/NQ4P1/PP2PP1P/R3KBNR w KQ - 2 9,g5d2,b4d2,b4d2,3,3,6,1/2-1/2,84,OTHER(forced),True,0.0649,0.0010,0.0137,0.3098,True,g5d2,54,-0.3923,-0.3923,True,53,-0.4000,3,g5d2,427,-0.3251,-0.3251,True,426,-0.3259,3
12h,83,21,w,rnb5/1pp2kpp/4pn2/p4p2/1bP5/N4NP1/PP2PP1P/RK1r1B1R w - - 0 15,b1c2,d1a1,d1a1,5,5,99,1/2-1/2,72,OTHER(forced),True,1.0000,0.0518,-0.5176,0.9136,True,b1c2,128,-0.7412,-0.7412,True,127,-0.7430,5,b1c2,1024,-0.7770,-0.7770,True,1023,-0.7772,5
12h,84,53,w,3k1b2/5p1r/4p1p1/pQ2P2P/4p3/P3P2P/5P2/2q1K2R w K - 1 31,e1e2,c1h1,c1h1,5,5,99,1/2-1/2,53,OTHER(forced),True,1.0000,-0.2236,0.0649,0.5571,True,e1e2,128,-0.4597,-0.4597,True,127,-0.4638,5,e1e2,1024,-0.4927,-0.4927,True,1023,-0.4932,5
12h,85,19,w,r1bq1b1r/pp1n1k2/2p1p3/3p1p1p/2PP1PpP/P1N1P1n1/1PQ1B1P1/R1B1K1NR w Q - 3 14,c4d5,g3h1,g3h1,4,4,0,0-1,57,BUDGET,True,0.4424,-0.0884,-0.0137,0.7266,True,c4d5,30,-0.2116,-0.2116,True,29,-0.2184,4,h1h3,112,-0.2432,-0.2432,True,111,-0.2453,4
12h,85,49,w,2r2b1r/pp2k3/1n2b3/1Q1p1p1B/PR3P2/2P1P1q1/3BK3/8 w - - 1 29,h5g6,g3g6,g3g6,3,3,0,0-1,27,PRIOR,False,0.1138,-0.5117,-0.4873,0.0102,True,h5e8,14,-0.5624,-0.5624,True,0,nan,0,h5g6,240,-0.4780,-0.4780,True,0,nan,3
12h,85,63,w,3r1b2/Q2n1k2/P3b3/3p1p2/1R3P2/2P1P3/2KB3r/5q2 w - - 3 36,b4b5,f1b5,f1b5,5,5,0,0-1,13,BUDGET,True,0.0342,-0.6638,-0.7217,0.0384,True,b4b5,30,-0.7130,-0.7130,True,0,nan,5,b4b7,48,-0.7088,-0.7088,True,0,nan,0
12h,85,75,w,r4b2/3n1k2/4b3/1q3p2/2pQ1P2/2B1P3/7r/K7 w - - 4 42,c3a5,a8a5,a8a5,3,3,9,0-1,1,OTHER(forced),True,0.1985,-0.9231,-0.9434,0.1365,True,c3a5,64,-0.9962,-0.9962,True,60,-1.0000,3,c3a5,512,-0.9995,-0.9995,True,508,-1.0000,3
12h,86,97,w,8/1p6/1Pp1k3/2Kp1p2/3PpP2/1Pr5/8/2N5 w - - 2 53,c5b4,c3c1,c3c1,3,3,99,1/2-1/2,8,OTHER(forced),True,1.0000,-0.4268,-0.6074,0.2769,True,c5b4,128,-0.9051,-0.9051,True,125,-0.9145,3,c5b4,1024,-0.9359,-0.9359,True,1021,-0.9371,3
12h,87,43,w,3qk3/1pp2p2/2b1p2p/2b5/r5P1/P1n1PQ1P/8/RKB2B1R w - - 3 26,b1b2,c6f3,c6f3,9,9,9,1/2-1/2,47,OTHER(forced),False,0.4365,0.0117,-0.1816,0.8506,True,b1c2,64,-0.8767,-0.8767,True,63,-0.8877,9,b1b2,512,-0.8921,-0.8921,True,511,-0.8935,9
12h,87,49,w,3qk3/1pp2p2/4p2p/2b5/r3b1P1/P3P2P/2K4R/R1Bn1B2 w - - 4 29,f1d3,e4d3,e4d3,3,3,0,1/2-1/2,41,BUDGET,False,0.1967,-0.7319,-0.8887,0.3293,True,c2b3,64,-0.8163,-0.8163,True,1,-0.6687,0,c2b3,512,-0.8420,-0.8420,True,1,-0.6687,0
12h,89,7,w,r1bqkbnr/1p4pp/p1n5/2pp1p2/4p3/N2PPNP1/PPPQBP1P/R1B1K2R w KQkq - 0 8,f3g5,d8g5,d8g5,3,3,0,1/2-1/2,94,PRIOR,True,0.2238,0.0049,0.0513,0.0289,True,f3g5,30,0.0893,0.0893,True,0,nan,3,f3g5,240,0.0881,0.0881,True,0,nan,3
12h,89,51,w,3r2k1/1p4pp/pN3b2/2p2p2/2R4P/3nP1P1/Kr6/6R1 w - - 0 30,a2a3,b2b6,b2b6,3,3,3,1/2-1/2,50,OTHER(forced),False,0.9619,-0.4512,-0.7090,0.0385,True,a2a1,64,-0.6536,-0.6536,True,0,nan,3,a2a3,512,-0.6502,-0.6502,True,0,nan,3
12h,90,23,w,3r3r/1pN1nkpp/4p3/p4p1P/P1P1pP1R/1n6/1P1PK1P1/2B2BN1 w - - 5 16,e2f2,b3c1,b3c1,3,3,0,1/2-1/2,74,PRIOR,True,0.1142,0.0801,0.2554,0.0740,True,e2f2,30,0.2549,0.2549,True,0,nan,3,e2f2,240,0.2370,0.2370,True,0,nan,3
12h,90,49,w,8/1p3kp1/4p2p/pN3n1P/1r3PR1/4pK2/1P6/2Nr4 w - - 4 29,c1e2,b4b5,b4b5,3,3,3,1/2-1/2,48,BUDGET,True,0.0570,-0.5344,-0.6309,0.3516,True,c1e2,30,-0.7002,-0.7002,True,28,-0.7127,3,c1a2,240,-0.6690,-0.6690,True,238,-0.6702,3
12h,92,37,w,1rbr4/2Npk1p1/1p2p3/p1b2pNp/2P3nq/P2QPR2/1P1KP1P1/3R1B2 w - - 0 23,b2b4,h4g5,h4g5,3,3,0,1/2-1/2,104,BUDGET,False,0.0405,0.1045,-0.2100,0.0964,True,d2c2,30,-0.1306,-0.1306,True,27,-0.1410,3,d2c2,112,-0.2384,-0.2384,True,109,-0.2439,3
12h,92,83,w,3k4/8/8/4p3/2R1Np2/6p1/r3PK2/1r3B2 w - - 0 46,f2f3,b1f1,b1f1,3,3,0,1/2-1/2,58,VALUE,False,0.5903,-0.0679,-0.2061,0.3396,True,f2g1,48,-0.2608,-0.2608,True,47,-0.2620,1,f2f3,384,-0.4386,-0.4386,True,383,-0.4392,3
12h,92,97,w,8/3k4/8/4pN2/2R1K3/r7/4p3/5r2 w - - 0 53,c4c2,e2e1q,e2e1q,8,8,4,1/2-1/2,44,OTHER(forced),True,0.0529,-0.5569,-0.5723,0.0694,True,c4c2,30,-0.7123,-0.7123,True,0,nan,8,c4c2,240,-0.6778,-0.6778,True,0,nan,8
12h,92,99,w,8/3k4/8/4pN2/4K3/r7/2R5/4qr2 w - - 0 54,c2e2,e1e2,e1e2,5,5,3,1/2-1/2,42,OTHER(forced),True,0.4514,-0.8951,-0.9160,0.7041,True,c2e2,54,-0.9673,-0.9673,True,53,-0.9683,5,c2e2,427,-0.9742,-0.9742,True,426,-0.9744,5
12h,92,101,w,8/3k4/8/4pN2/4K3/r7/4q3/5r2 w - - 0 55,f5e3,a3e3,a3e3,3,3,3,1/2-1/2,40,OTHER(forced),True,0.1875,-0.9729,-0.9941,0.1038,True,f5e3,64,-0.9459,-0.9459,True,3,-0.6631,3,f5e3,512,-0.9735,-0.9735,True,3,-0.6631,3
12h,93,29,w,r3k2r/pp3pRp/2n1bn2/qp1pp3/8/1R1PPN2/P3BP1P/3Q2K1 w kq - 6 19,b3b5,a5b5,a5b5,4,4,0,1/2-1/2,80,BUDGET,False,0.0610,0.0166,0.0850,0.1855,True,a2a3,2,-0.0999,-0.0999,True,1,-0.2847,0,f3g5,16,-0.3056,-0.3056,True,15,-0.3316,1
12h,93,45,w,6r1/p3kp1p/2p1bn2/3p2Q1/3P4/4P3/P4P1P/6K1 w - - 1 27,g5g8,f6g8,f6g8,4,4,4,1/2-1/2,64,OTHER(forced),True,0.1953,-0.0244,0.3989,0.9873,True,g5g8,30,-0.7995,-0.7995,True,29,-0.8409,4,g5g8,240,-0.8580,-0.8580,True,239,-0.8632,4
12h,93,95,w,3k4/5p2/p7/2K2b2/8/8/7p/8 w - - 0 52,c5b4,h2h1q,h2h1q,8,8,8,1/2-1/2,14,BUDGET,True,0.1593,-0.9086,-0.9385,0.7144,True,c5b4,42,-0.9844,-0.9844,True,41,-0.9856,8,c5d5,48,-0.9849,-0.9849,True,47,-0.9858,8
12h,94,37,w,r2q1r1k/1b2bp1n/1p2p3/pB2P1p1/3p4/P1N1P1QP/1P3P2/R1B1K2R w Q - 0 23,e3d4,b7h1,b7h1,4,4,2,1/2-1/2,104,VALUE,True,0.6758,0.2490,0.2495,0.7764,True,e3d4,30,-0.0107,-0.0107,True,29,-0.0197,4,e3d4,240,0.0559,0.0559,True,239,0.0551,4
12h,94,95,w,8/3r4/1N4k1/p7/2KP3b/P7/1P5p/8 w - - 0 52,b6d7,h2h1q,h2h1q,3,3,8,1/2-1/2,46,OTHER(forced),True,0.8813,-0.5195,-0.6133,0.9717,True,b6d7,37,-0.6546,-0.6546,True,36,-0.6558,3,b6d7,272,-0.6258,-0.6258,True,271,-0.6259,3
12h,94,119,w,2K1q3/3N4/1b1P2k1/8/8/8/8/8 w - - 0 64,c8b7,e8d7,e8d7,3,3,99,1/2-1/2,22,OTHER(forced),True,1.0000,-0.5642,-0.6582,0.5957,True,c8b7,128,-0.9494,-0.9494,True,127,-0.9517,3,c8b7,1024,-0.9586,-0.9586,True,1023,-0.9589,3
12h,96,31,w,r1bk2r1/ppp1p3/5nNb/3P3P/P7/1P2Pp2/2nB1P2/R3KBR1 w Q - 3 20,e1d1,c2a1,c2a1,5,5,99,1/2-1/2,120,OTHER(forced),True,1.0000,-0.2178,-0.0225,0.9663,True,e1d1,128,-0.5386,-0.5386,True,127,-0.5425,5,e1d1,1024,-0.5054,-0.5054,True,1023,-0.5059,5
12h,96,39,w,r1bk2r1/ppp5/3p2Nb/7P/P3n3/1nB1Pp2/5P2/4KBR1 w - - 2 24,f1c4,e4c3,e4c3,3,3,0,1/2-1/2,112,VALUE,False,0.0546,-0.5461,-0.6484,0.2292,True,c3b4,30,-0.6702,-0.6702,True,8,-0.6227,0,f1c4,240,-0.6216,-0.6216,True,9,-0.5836,3
12h,96,55,w,r2k4/ppp2B2/3p2Nb/2nR2nP/P3b3/4Pp2/1K6/8 w - - 8 32,d5d2,g5f7,g5f7,3,3,2,1/2-1/2,96,PRIOR,True,0.0731,-0.7031,-0.5107,0.0989,True,d5d2,30,-0.7766,-0.7766,True,0,nan,3,d5d2,240,-0.8493,-0.8493,True,0,nan,3
12h,96,109,w,1k1nr3/pp6/2bp1n2/P3b3/2K4R/8/5p2/8 w - - 0 59,c4d3,f2f1q,f2f1q,8,8,5,1/2-1/2,42,OTHER(forced),False,0.0793,-0.9690,-0.9248,0.0891,True,h4h6,2,-0.9513,-0.9513,True,0,nan,8,c4d3,269,-0.9668,-0.9668,True,0,nan,8
12h,96,129,w,3n2r1/ppk5/3p4/P2Rb3/8/2n2q2/2K5/8 w - - 1 69,a5a6,c3d5,c3d5,5,5,0,1/2-1/2,22,VALUE,False,0.0787,-0.9805,-0.9844,0.4961,True,d5d2,7,-0.9926,-0.9926,True,6,-0.9940,0,a5a6,281,-0.9801,-0.9801,True,45,-0.9712,5
12h,97,41,w,r4k2/1p2n3/2p1b2b/p2p1n1B/6Nq/PPN5/1BQ1KP2/3R4 w - - 0 25,g4f6,h4f6,h4f6,3,3,0,1/2-1/2,84,BUDGET,False,0.0572,-0.2070,-0.1338,0.1439,True,e2e1,14,-0.4146,-0.4146,True,11,-0.5305,3,e2e1,16,-0.4221,-0.4221,True,13,-0.5219,3
12h,97,85,w,8/2k5/1bp2K2/p2p4/P3n3/1P6/3R1P2/8 w - - 0 47,f6e5,e4d2,e4d2,5,5,5,1/2-1/2,40,BUDGET,False,0.4543,-0.0801,-0.3730,0.9575,True,f6e6,42,-0.9005,-0.9005,True,41,-0.9134,5,f6f5,48,-0.8984,-0.8984,True,47,-0.9096,5
12h,98,37,w,r1bkq2r/1p3p1Q/2p3p1/p3P1P1/P1N4N/4P1nP/1P6/R1B1K1R1 w Q - 4 23,h7g7,h8h4,h8h4,3,3,4,1-0,78,OTHER(forced),True,0.1511,0.5713,0.4717,0.4456,True,h7g7,30,0.3946,0.3946,True,29,0.3919,3,h7g7,240,0.3948,0.3948,True,239,0.3945,3
12h,98,49,w,r1b2k2/1p3pN1/2p3p1/p3P1P1/P7/4P2r/1P1B1K2/R5R1 w - - 4 29,e5e6,f8g7,f8g7,3,3,2,1-0,66,PRIOR,True,0.0538,0.6484,0.5503,0.2886,True,e5e6,30,0.3545,0.3545,True,0,nan,3,e5e6,240,0.3574,0.3574,True,0,nan,3
12h,98,53,w,r1b5/1p2Ppk1/2p3p1/p5P1/P7/4P3/1P1B1K1r/R5R1 w - - 1 31,f2g3,h2d2,h2d2,3,3,0,1-0,62,VALUE,True,0.7393,0.2158,0.2803,0.2871,True,f2g3,52,0.2230,0.2230,True,6,0.4138,3,f2g3,410,0.2625,0.2625,True,6,0.4138,3
12h,99,97,w,8/1r3R1p/1Pk3p1/5p2/1r6/4P3/6K1/8 w - - 7 53,f7h7,b7h7,b7h7,4,4,0,1/2-1/2,86,BUDGET,False,0.1815,-0.6060,-0.5586,0.3157,True,f7f8,6,-0.8727,-0.8727,True,5,-0.9355,1,f7f8,48,-0.9717,-0.9717,True,47,-0.9805,1
12h,100,27,w,r1b1kb1r/pp3pp1/5n1p/1Pp5/6P1/B1q1PQ1P/P1P2P2/3RK2R w Kkq - 0 18,e1f1,c3a3,c3a3,3,3,3,0-1,157,BUDGET,False,0.4912,-0.1753,-0.2725,0.2771,True,e1e2,53,-0.3935,-0.3935,True,50,-0.4023,3,e1e2,427,-0.4866,-0.4866,True,424,-0.4883,3
12h,100,139,w,8/1p2k3/1pb1rp2/2p1b1p1/2K5/7p/8/3R4 w - - 0 74,d1d8,e7d8,e7d8,5,5,0,0-1,45,BUDGET,True,0.0307,-0.9701,-0.9404,0.4229,True,d1d8,30,-0.9775,-0.9775,True,2,-0.9044,5,d1f1,112,-0.9854,-0.9854,True,2,-0.9044,0
12h,100,143,w,3k4/1p6/1pb1rp2/2p1b1p1/8/3K4/7p/8 w - - 0 76,d3c2,h2h1q,h2h1q,8,8,8,0-1,41,BUDGET,True,0.1960,-0.9907,-0.8662,0.0706,True,d3c2,52,-0.9743,-0.9743,True,0,nan,8,d3c4,410,-0.9916,-0.9916,True,0,nan,8
12h,101,24,b,r6r/p4pp1/p3kn2/4Qb1p/3PpP2/P1N1P3/P5PP/R3K2R b KQ - 2 16,e6d7,e5f5,e5f5,3,3,99,1-0,9,OTHER(forced),True,1.0000,-0.5852,-0.7383,0.5679,True,e6d7,128,-0.6465,-0.6465,True,1,-0.5974,3,e6d7,1024,-0.6904,-0.6904,True,1,-0.5974,3
12h,106,22,b,r2qk3/1ppnbp2/2bp1n2/p5Br/3Q3P/2N2P2/PPP2PB1/4RRK1 b q - 0 15,h5h4,d4h4,d4h4,4,4,0,1-0,33,PRIOR,True,0.0376,0.2783,0.3208,0.0432,True,h5h4,30,0.4310,0.4310,True,0,nan,4,h5h4,240,0.3690,0.3690,True,0,nan,4
12h,106,34,b,r2qk3/1pp1b3/2b1p1Q1/p2p2Bn/8/2N2P2/PPP2PB1/4R1K1 b q - 3 21,e8d7,g6h5,g6h5,3,3,3,1-0,21,BUDGET,False,0.6987,-0.0024,0.0220,0.7109,True,e8f8,64,-0.1338,-0.1338,True,15,0.0942,3,e8f8,512,-0.2232,-0.2232,True,15,0.0942,3
12h,106,40,b,r2q4/1ppk1Q2/2b1p3/p2p4/5b2/2N2P1B/PPP2P2/4R1K1 b - - 3 24,d8e7,f7f4,f7f4,3,3,3,1-0,15,OTHER(forced),True,0.7056,0.0059,0.1445,0.3262,True,d8e7,54,-0.2637,-0.2637,True,53,-0.2715,3,d8e7,427,-0.3185,-0.3185,True,426,-0.3196,3
12h,106,50,b,8/1pp1k3/2b1B3/p1qp2Q1/7r/2N2P2/PPP2P2/4R1K1 b - - 4 29,e7d6,g5h4,g5h4,5,5,5,1-0,5,OTHER(forced),True,0.7769,-0.3115,-0.1963,0.2286,True,e7d6,54,-0.5978,-0.5978,True,53,-0.6054,5,e7d6,427,-0.6183,-0.6183,True,426,-0.6193,5
12h,106,54,b,3Q4/1pp5/2bkB3/p1q5/3p4/2N2P2/PPP2P2/4R1K1 b - - 1 31,c6d7,d8d7,d8d7,3,3,99,1-0,1,OTHER(forced),True,1.0000,-0.4629,-0.6504,0.0753,True,c6d7,128,-0.9863,-0.9863,True,124,-1.0000,3,c6d7,1024,-0.9983,-0.9983,True,1020,-1.0000,3
12h,110,52,b,8/P3kpr1/1r1p1p2/2qP1Pbp/1p6/1P1B1Q1P/2P2PP1/R2R2K1 b - - 0 30,e7d7,a7a8q,a7a8q,8,8,1,1-0,11,BUDGET,False,0.0829,-0.0005,-0.0391,0.1398,True,c5d4,14,-0.1630,-0.1630,True,0,nan,8,c5d4,48,-0.4338,-0.4338,True,0,nan,8
12h,110,56,b,Q7/R2k1pr1/1r1p1p2/2qP1Pb1/1p5p/1P1B1Q1P/2P2PP1/3R2K1 b - - 1 32,c5c7,a7c7,a7c7,4,4,5,1-0,7,OTHER(forced),True,0.4065,-0.5723,-0.6191,0.6064,True,c5c7,64,-0.8941,-0.8941,True,63,-0.8985,4,c5c7,512,-0.9211,-0.9211,True,511,-0.9217,4
12h,110,62,b,Q7/R1k2pr1/1r1p1p2/3P1P2/1p5p/1P1B1Q1P/2Pb1PP1/6K1 b - - 3 35,b6b7,a7b7,a7b7,5,5,99,1-0,1,OTHER(forced),True,1.0000,-0.9188,-0.9131,0.4382,True,b6b7,128,-0.9993,-0.9993,True,127,-1.0000,5,b6b7,1024,-0.9999,-0.9999,True,1023,-1.0000,5
12h,111,44,b,r7/1p6/1qp5/p1kp3B/P2b3P/2Nn1Pr1/1P1Q1P1K/2R2R2 b - - 1 26,g3h3,h2h3,h2h3,5,5,0,1-0,19,BUDGET,False,0.1641,0.2363,0.1826,0.3501,True,d3c1,14,-0.1303,-0.1303,True,12,-0.1887,0,d3c1,112,-0.1894,-0.1894,True,110,-0.1969,0
12h,112,16,b,r1b1kbnr/p3ppp1/2B5/7p/8/7P/PP1PNPP1/RNB1K2R b KQkq - 0 12,c8d7,c6a8,c6a8,5,5,5,1/2-1/2,51,OTHER(forced),True,0.9038,-0.2725,-0.3428,0.9902,True,c8d7,64,-0.7274,-0.7274,True,63,-0.7335,5,c8d7,512,-0.7318,-0.7318,True,511,-0.7326,5
12h,114,8,b,rn1qk1nB/ppp2p1p/8/7Q/4pp2/7b/P1PP2PP/R3KB1R b KQq - 1 8,g8f6,h5h3,h5h3,3,3,1,1/2-1/2,59,PRIOR,True,0.0771,0.2676,-0.1123,0.0709,True,g8f6,30,0.1382,0.1382,True,0,nan,3,g8f6,240,0.2284,0.2284,True,0,nan,3
12h,115,56,b,8/2p5/2kp4/2r1q3/1p1PP1QP/6P1/PPP2P2/1R1R2K1 b - - 0 32,c5c2,d4e5,d4e5,7,7,4,1-0,13,BUDGET,False,0.8188,-0.4116,-0.5264,0.8623,True,e5e7,14,-0.9343,-0.9343,True,13,-0.9656,4,e5e7,48,-0.9530,-0.9530,True,47,-0.9621,4
12h,116,44,b,1k6/4r3/2p5/pp2pN1p/7b/5PPP/PPP1BP2/R2R2K1 b - - 0 26,b5b4,f5h4,f5h4,3,3,2,1/2-1/2,25,BUDGET,False,0.0578,-0.8531,-0.8594,0.0151,True,e7c7,30,-0.9653,-0.9653,True,0,nan,3,e7f7,48,-0.9639,-0.9639,True,0,nan,3
12h,118,52,b,8/2q2kbQ/1pp3R1/p2n4/P4P2/1P1PPB2/2PK4/8 b - - 2 30,d5e7,g6g7,g6g7,3,3,0,1-0,19,PRIOR,True,0.0848,-0.6072,-0.6445,0.0271,True,d5e7,30,-0.3958,-0.3958,True,0,nan,3,d5e7,240,-0.5722,-0.5722,True,0,nan,3
12h,121,32,b,r4rk1/pbpqp3/p2p4/N2P1p1p/PPP2Pp1/4P1n1/5R2/R1BQ1NK1 b - - 1 20,g3e4,a5b7,a5b7,3,3,0,1-0,45,PRIOR,True,0.2524,0.0400,-0.0850,0.0399,True,g3e4,30,-0.0068,-0.0068,True,0,nan,3,g3e4,240,-0.0065,-0.0065,True,0,nan,3
12h,121,66,b,8/8/p1Ppqpk1/p7/P1PN1Pp1/3QP1Kp/3B4/8 b - - 2 37,g6f7,d4e6,d4e6,6,6,9,1-0,11,OTHER(forced),False,0.1979,-0.4810,-0.6328,0.8877,True,f6f5,6,-0.9104,-0.9104,True,5,-0.9659,9,g6f7,336,-0.9749,-0.9749,True,335,-0.9759,6
12h,121,74,b,8/2Pk4/p2p4/B4Q2/P1P2Pp1/4P1Kp/8/8 b - - 0 41,d7e8,c7c8q,c7c8q,8,8,8,1-0,3,OTHER(forced),True,0.1934,-0.9541,-0.9951,0.2678,True,d7e8,54,-0.9853,-0.9853,True,46,-0.9877,8,d7e8,427,-0.9894,-0.9894,True,419,-0.9897,8
12h,122,8,b,rn1qkbnr/p1p1p1p1/1p1p1p2/5b1p/3P4/2P2Q1N/PP1N1PPP/R1B1KB1R b KQkq - 3 8,e7e5,f3f5,f3a8,3,5,2,1-0,69,BUDGET,False,0.0091,0.0947,0.1074,0.0296,True,f5h3,14,-0.0831,-0.0831,True,0,nan,2,f5c2,48,-0.0594,-0.0594,True,0,nan,5
12h,122,14,b,rn1qkb1r/p1p2np1/1p1p1p2/4p3/3P4/2P2Q1N/PP1N1PPP/R1B1KB1R b KQkq - 2 11,f8e7,f3a8,f3a8,5,5,0,1-0,63,BUDGET,False,0.1245,-0.1045,-0.1670,0.0169,True,b8c6,14,-0.1738,-0.1738,True,0,nan,3,h8g8,48,-0.1868,-0.1868,True,0,nan,5
12h,122,62,b,8/2p1k2P/3p1p2/pp1B4/3Bn3/5N2/1P4PR/1R1K4 b - - 1 35,b5b4,d5e4,h7h8q,3,8,3,1-0,15,BUDGET,True,0.2200,-0.9306,-0.9131,0.2632,True,b5b4,36,-0.9683,-0.9683,True,0,nan,8,e4d2,269,-0.9842,-0.9842,True,0,nan,8
12h,122,70,b,8/3k3P/3p1p2/p2B4/1p1p4/1P3N2/6P1/1R1K3R b - - 0 39,d4d3,h7h8q,h7h8q,8,8,8,1-0,7,BUDGET,False,0.1321,-0.9528,-0.9229,0.8608,True,a5a4,5,-0.9683,-0.9683,True,4,-0.9797,8,d7c7,301,-0.9810,-0.9810,True,300,-0.9812,8
12h,125,10,b,r2qkb1r/p1p3pp/1pn2n2/3ppP2/P7/1P2P1N1/1BPP1P1P/R2QKBNb b Qkq - 3 9,h7h5,g3h1,g3h1,3,3,0,1/2-1/2,69,BUDGET,False,0.1346,0.3018,0.1875,0.3152,True,h1e4,6,0.0867,0.0867,True,4,0.0142,0,h1e4,112,0.1061,0.1061,True,110,0.1039,0
12h,125,14,b,r2qk2r/p1p3p1/1pn2n2/1BbppP1p/P7/1P2P3/1BPP1P1P/R2QK1NN b Qkq - 2 11,e8g8,b5c6,b5c6,3,3,0,1/2-1/2,65,BUDGET,False,0.2754,0.2500,0.0542,0.2256,True,e5e4,6,0.0444,0.0444,True,3,-0.0485,3,d8d6,112,-0.0439,-0.0439,True,109,-0.0489,0
12h,125,32,b,8/p1p2k2/1p1q1p2/2b1pP2/P2p3Q/1P2P3/1BPPNPrP/R4K2 b - - 4 20,g2h2,h4h2,h4h2,4,4,0,1/2-1/2,47,PRIOR,True,0.0651,-0.1250,-0.1250,0.0934,True,g2h2,30,-0.0458,-0.0458,True,0,nan,4,g2h2,240,-0.1378,-0.1378,True,0,nan,4
12h,127,16,b,rn1qk1nr/p1p5/1p5p/3p1b1Q/P7/4p3/1PP2PBP/RN2K1NR b KQkq - 1 12,e8e7,h5f5,h5f5,3,3,3,1/2-1/2,64,OTHER(forced),True,0.1069,0.1396,0.1299,0.5068,True,e8e7,48,-0.1774,-0.1774,True,47,-0.1830,3,e8e7,384,-0.1512,-0.1512,True,383,-0.1519,3
12h,130,68,b,7r/1R2kp2/2nR2p1/4Pb1p/4p3/P1B1P2P/5PP1/6K1 b - - 0 38,f5d7,d6c6,d6c6,3,3,3,1/2-1/2,15,BUDGET,False,0.0746,-0.3765,-0.7275,0.2262,True,e7f8,53,-0.8080,-0.8080,True,51,-0.8139,3,e7f8,170,-0.8347,-0.8347,True,168,-0.8368,3
12h,132,60,b,r7/3r1k2/1R2n1p1/p1p2p1p/P1P2P2/1P3PP1/8/2KBR3 b - - 10 34,a8h8,b6e6,b6e6,3,3,0,1/2-1/2,23,BUDGET,False,0.1400,0.2930,0.1226,0.0093,True,d7c7,14,0.1417,0.1417,True,0,nan,3,d7e7,48,-0.0077,-0.0077,True,0,nan,0
12h,133,38,b,2r1k2r/3q1p2/2pnpQp1/p2p3p/3P4/2P1N3/1P3PPB/R3R1K1 b k - 0 23,d6e4,f6h8,f6h8,5,5,1,1/2-1/2,45,PRIOR,True,0.3359,0.0742,-0.0439,0.1251,True,d6e4,30,-0.0258,-0.0258,True,0,nan,5,d6e4,240,-0.0008,-0.0008,True,0,nan,5
12h,133,52,b,8/R2qkp2/2p1pn2/3pB1p1/3P3p/2P1NP2/1P4P1/R5K1 b - - 1 30,d7a7,a1a7,a1a7,4,4,4,1/2-1/2,31,BUDGET,True,0.9175,-0.2930,0.2295,0.9868,True,d7a7,36,-0.8205,-0.8205,True,35,-0.8505,4,e7f8,138,-0.8224,-0.8224,True,137,-0.8300,4
12h,134,4,b,r2qkbnr/p1p2ppp/np6/3pp3/4P1bP/2P2P2/PPQP2P1/RNBK1BNR b kq - 0 6,g4e6,f1a6,f1a6,3,3,0,1/2-1/2,80,PRIOR,False,0.7769,0.0117,0.0942,0.0059,True,g4d7,30,0.0421,0.0421,True,0,nan,3,g4e6,240,0.0422,0.0422,True,0,nan,3
12h,135,58,b,8/5rk1/5p2/r1R3p1/p2PBp2/Bp6/5PPP/3R2K1 b - - 3 33,f7e7,c5a5,c5a5,5,5,0,1-0,27,BUDGET,False,0.1039,-0.3110,-0.5078,0.9253,True,f7a7,6,-0.6510,-0.6510,True,5,-0.6796,0,f7a7,112,-0.4937,-0.4937,True,108,-0.4996,0
12h,136,58,b,8/4b3/2p2p1k/8/7p/2PP1p1P/5P2/4R1K1 b - - 1 33,h6g6,e1e7,e1e7,3,3,0,1/2-1/2,27,BUDGET,False,0.1685,-0.0068,0.0254,0.1670,True,e7c5,17,-0.2223,-0.2223,True,0,nan,0,e7c5,61,-0.1856,-0.1856,True,0,nan,0
12h,137,4,b,r1bqkb1r/p1p1ppp1/np1p1n2/1Q5p/8/1PP2N2/P2PPPPP/RNB1KB1R b KQkq - 1 6,c8d7,b5a6,b5a6,3,3,0,1/2-1/2,83,BUDGET,False,0.5532,0.0459,0.0835,0.0322,True,d8d7,48,0.0614,0.0614,True,0,nan,0,c7c6,128,0.0317,0.0317,True,0,nan,1
12h,138,40,b,6k1/2rqn1p1/3p1r2/1B1Pp2p/5p1P/BQ2PP2/P2P2P1/2R2RK1 b - - 1 24,c7c1,b5d7,b5d7,4,4,0,1/2-1/2,50,PRIOR,True,0.3708,-0.1914,-0.1133,0.1212,True,c7c1,30,-0.4125,-0.4125,True,0,nan,4,c7c1,240,-0.3236,-0.3236,True,0,nan,4
12h,140,52,b,r5k1/1p1Q1pp1/1bp4r/p1P2P1p/1P1p4/4qNPP/6K1/R4R2 b - - 2 30,h6f6,c5b6,c5b6,3,3,0,1/2-1/2,39,BUDGET,True,0.1802,0.2861,0.1582,0.6074,True,h6f6,30,0.0222,0.0222,True,1,0.2510,3,e3e4,48,-0.0558,-0.0558,True,1,0.2510,3
12h,141,40,b,r7/1pp1nrk1/3pqpp1/pP2p3/n3P1R1/3P1P1P/2PB1P2/R2QKB2 b - - 7 24,c7c6,a1a4,a1a4,3,3,0,1-0,51,BUDGET,True,0.0777,0.1250,0.1846,0.0917,True,c7c6,30,0.0947,0.0947,True,0,nan,3,a4c5,48,0.0900,0.0900,True,0,nan,0
12h,141,64,b,8/4r1k1/5p2/1p2pqp1/1R6/3P1P1P/2P2PB1/3Q2K1 b - - 0 36,f5f4,b4f4,b4f4,4,4,0,1-0,27,BUDGET,False,0.4634,-0.2441,-0.3506,0.2754,True,e7f7,6,-0.6882,-0.6882,True,4,-0.8616,1,f5d7,16,-0.7661,-0.7661,True,14,-0.8267,0
12h,144,44,b,3qk2r/3nB1b1/2p1Q1p1/p4p1p/3P3P/5NP1/Pr3P2/3BR1RK b - - 0 26,h8f8,e7d8,e7d8,6,6,1,1-0,49,BUDGET,False,0.0781,-0.1030,-0.4482,0.6494,True,b2f2,30,-0.7007,-0.7007,True,29,-0.7094,5,b2f2,16,-0.7233,-0.7233,True,15,-0.7417,5
12h,144,60,b,5r2/4k3/4P1p1/p1Q2p1p/7P/6P1/P4r2/3B2RK b - - 2 34,e7e8,c5f2,c5f2,5,5,4,1-0,33,OTHER(forced),False,0.0130,-0.5586,-0.7285,0.0364,True,e7e6,48,-0.6162,-0.6162,True,0,nan,4,e7e8,384,-0.6935,-0.6935,True,0,nan,5
12h,145,20,b,1rb1k1nr/pp1n2p1/3b1pN1/7p/2BP4/PP3P2/2P3PP/R1BQK1R1 b Q - 4 14,b7b5,g6h8,g6h8,5,5,3,1/2-1/2,73,BUDGET,False,0.1014,-0.5989,-0.7441,0.6890,True,h8h7,6,-0.7666,-0.7666,True,4,-0.8221,3,h8h6,112,-0.7763,-0.7763,True,110,-0.7785,3
12h,145,44,b,2b3nN/p3k3/3r1pp1/2R5/2nP4/P1K2PQ1/2P3P1/R5B1 b - - 1 26,g8h6,c5c4,c5c4,3,3,1,1/2-1/2,49,PRIOR,True,0.0757,-0.8612,-0.8359,0.2054,True,g8h6,30,-0.8988,-0.8988,True,0,nan,3,g8h6,240,-0.8934,-0.8934,True,0,nan,3
12h,146,6,b,r1bqkbnr/p1pnp1p1/1pN5/3p1p1p/1P6/4P2N/P1PP1PPP/R1BQKB1R b KQkq - 3 7,d7e5,c6d8,c6d8,6,6,6,1/2-1/2,88,BUDGET,False,0.1394,0.1660,-0.0527,0.2122,True,e7e6,30,-0.4648,-0.4648,True,28,-0.4990,6,e7e6,48,-0.4959,-0.4959,True,46,-0.5181,6
12h,146,36,b,r7/p1pk4/1p2p1n1/1P1b3Q/8/4P2N/PR1P1P1P/4KB2 b - - 0 22,d7e7,h5g6,h5g6,3,3,0,1/2-1/2,58,PRIOR,False,0.0898,-0.6855,-0.8330,0.1624,True,a8g8,2,-0.8406,-0.8406,True,0,nan,0,d7e7,240,-0.8467,-0.8467,True,0,nan,3
12h,146,62,b,8/P2k4/1p6/2p5/4B2P/1b2P3/4NP2/2R1K3 b - - 0 35,d7e6,a7a8q,a7a8q,8,8,3,1/2-1/2,32,OTHER(forced),False,0.0733,-0.9472,-0.9248,0.4434,True,d7c7,30,-0.9786,-0.9786,True,29,-0.9804,8,d7e6,240,-0.9841,-0.9841,True,239,-0.9844,8
12h,147,44,b,3qk2r/2rnbpp1/Q1Np1p2/3P3p/8/P1N1B2P/1P3PP1/3RR2K b - - 0 26,d7b8,c6d8,c6d8,6,6,0,1-0,53,BUDGET,False,0.2549,-0.1245,-0.4131,0.7900,True,c7c6,2,-0.5045,-0.5045,True,1,-0.5959,2,d7c5,112,-0.4931,-0.4931,True,15,-0.3234,6
12h,147,54,b,4k2r/1r2bpp1/2NN1p2/2pP3p/8/P6P/1P3PP1/3RR2K b - - 3 31,e8f8,d6b7,d6b7,5,5,5,1-0,43,OTHER(forced),True,0.1326,-0.4009,-0.4434,0.8784,True,e8f8,64,-0.8026,-0.8026,True,63,-0.8083,5,e8f8,512,-0.8054,-0.8054,True,511,-0.8061,5
12h,148,56,b,8/1b4k1/4Np2/2rp2q1/3N2p1/1P2P1Pp/3B1P1P/1Q3RK1 b - - 7 32,g7g8,e6g5,e6g5,6,6,6,1-0,41,OTHER(forced),True,0.3762,-0.4233,-0.5020,0.2749,True,g7g8,48,-0.8237,-0.8237,True,0,nan,6,g7g8,384,-0.7980,-0.7980,True,0,nan,6
12h,150,26,b,2b1k2r/5p2/2nbp3/p2p3p/3P3q/P1P2QP1/1r1BP2P/2RNKB1R b Kk - 0 17,h4g4,d1b2,d1b2,5,5,1,1/2-1/2,78,BUDGET,False,0.1853,0.3213,0.0649,0.4175,True,c6d4,14,-0.2577,-0.2577,True,13,-0.2826,8,c6d4,112,-0.2911,-0.2911,True,111,-0.2943,8
12h,150,82,b,8/1k5P/8/3p1p2/2bP1N2/2P2PP1/5K2/2B5 b - - 0 45,b7a8,h7h8r,h7h8q,4,8,8,1/2-1/2,22,BUDGET,False,0.1509,-0.9568,-0.9268,0.6646,True,c4b3,2,-0.9465,-0.9465,True,1,-0.9662,8,c4b3,53,-0.9860,-0.9860,True,52,-0.9871,8
12h,151,78,b,8/4nk2/2p2p2/1q1p1pp1/1R1P1P2/2P1P3/2PB1K2/R7 b - - 3 43,g5f4,b4b5,b4b5,3,3,4,1/2-1/2,28,BUDGET,False,0.2018,0.2246,0.1177,0.8643,True,f7e6,2,-0.3668,-0.3668,True,1,-0.8513,4,f7e6,48,-0.8204,-0.8204,True,47,-0.8404,4
12h,153,34,b,r6r/2qkpp2/2np1bp1/1B1N3p/5P2/4BQ1P/PP4P1/2R2RK1 b - - 1 21,c7a5,b5c6,b5c6,3,3,0,1/2-1/2,74,VALUE,True,0.0624,-0.3184,-0.3887,0.2030,True,c7a5,30,-0.6563,-0.6563,True,29,-0.6655,3,c7a5,240,-0.6542,-0.6542,True,239,-0.6554,3
12h,153,90,b,8/8/4kpp1/5p2/4qP1P/2Q2RK1/8/4R3 b - - 1 49,e6f7,e1e4,e1e4,4,4,4,1/2-1/2,18,BUDGET,True,0.1538,-0.6667,-0.5156,0.8535,True,e6f7,43,-0.9713,-0.9713,True,42,-0.9822,4,g6g5,76,-0.9746,-0.9746,True,75,-0.9807,4
12h,154,82,b,8/5p2/5k2/3PrBP1/4P3/5R2/p1q3P1/Q5K1 b - - 0 45,f6g5,a1e5,a1e5,4,4,5,1/2-1/2,27,OTHER(forced),True,0.8335,-0.3071,-0.2725,0.4661,True,f6g5,54,-0.7050,-0.7050,True,53,-0.7132,4,f6g5,427,-0.7501,-0.7501,True,426,-0.7513,4
12h,155,56,b,6rr/2p5/2k2b2/1p1N2p1/p2PP2p/P6P/1n3PP1/2RRB2K b - - 0 32,b2c4,d5f6,d5f6,3,3,3,1/2-1/2,54,BUDGET,False,0.4585,0.1543,-0.1230,0.1237,True,c6b7,48,-0.4368,-0.4368,True,44,-0.4656,3,c6d6,128,-0.4627,-0.4627,True,124,-0.4738,3
12h,155,78,b,7r/2p5/8/1N1P2p1/2pkP2p/r6P/3B1PP1/2R3K1 b - - 3 43,d4d3,b5a3,b5a3,5,5,4,1/2-1/2,32,OTHER(forced),True,0.2659,-0.0259,-0.1729,0.9233,True,d4d3,48,-0.6379,-0.6379,True,47,-0.6478,5,d4d3,384,-0.7415,-0.7415,True,383,-0.7430,5
12h,157,24,b,1nbqk2r/5p1p/3p2p1/rP2P3/1R1Q2nP/5N2/P4PP1/RN2KB2 b Qk - 1 16,b8d7,d4g4,d4g4,3,3,-1,1/2-1/2,93,BUDGET,False,0.0913,-0.0864,-0.0977,0.1193,True,e8g8,14,-0.2721,-0.2721,True,0,nan,0,d8e7,16,-0.2810,-0.2810,True,0,nan,0
12h,157,36,b,r1b1k2r/3n1p2/3N2p1/1P2p2p/1R3q1P/2Q2N2/P4PP1/R3KB2 b Qk - 7 22,e8e7,b4f4,b4f4,4,4,4,1/2-1/2,81,OTHER(forced),True,0.5972,-0.3354,-0.4609,0.4082,True,e8e7,54,-0.8719,-0.8719,True,53,-0.8790,4,e8e7,427,-0.8695,-0.8695,True,426,-0.8703,4
12h,157,86,b,8/1k6/8/1n4rp/1QR2P2/4N3/6P1/5K2 b - - 0 47,g5g6,b4b5,b4b5,3,3,3,1/2-1/2,31,BUDGET,False,0.0354,-0.9128,-0.8779,0.1705,True,g5g3,6,-0.9563,-0.9563,True,5,-0.9720,3,g5g3,48,-0.9783,-0.9783,True,47,-0.9804,3
12h,158,42,b,6k1/3bb1p1/1n2pnQ1/p2p3p/2qP4/PrN1P2P/1P1N1PP1/1RBR2K1 b - - 14 25,d7b5,d2c4,d2c4,6,6,3,1-0,77,BUDGET,False,0.0163,-0.1108,-0.3682,0.0222,True,b3c3,30,-0.6300,-0.6300,True,0,nan,3,b3c3,240,-0.6275,-0.6275,True,0,nan,3
12h,158,112,b,8/3k2P1/4p3/4Q3/3PK2p/r3B2P/5P2/8 b - - 2 60,a3a2,g7g8q,g7g8q,8,8,0,1-0,7,BUDGET,False,0.1755,-0.9578,-0.9746,0.4895,True,d7e8,2,-0.9727,-0.9727,True,1,-0.9709,8,a3a8,112,-0.9853,-0.9853,True,110,-0.9856,0
12h,158,118,b,1Q1k4/8/4Q3/8/3PK2p/4B2P/2r2P2/8 b - - 2 63,c2c8,b8c8,b8c8,5,5,99,1-0,1,OTHER(forced),True,1.0000,-0.9767,-0.9971,0.3074,True,c2c8,128,-1.0000,-1.0000,True,127,-1.0000,5,c2c8,1024,-1.0000,-1.0000,True,1023,-1.0000,5
12h,159,64,b,8/2k5/P3p3/4R3/3Pn1p1/6P1/7P/6K1 b - - 1 36,c7d6,e5e4,e5e4,3,3,1,1-0,59,BUDGET,False,0.0902,-0.7473,-0.7480,0.2849,True,e4c3,6,-0.8540,-0.8540,True,0,nan,1,e4d6,17,-0.8919,-0.8919,True,0,nan,1
12h,159,76,b,3k4/P7/8/8/3P2p1/6P1/1R3K1P/8 b - - 0 42,d8c8,a7a8q,a7a8q,8,8,8,1-0,47,OTHER(forced),True,0.2571,-0.9770,-0.9883,0.8013,True,d8c8,52,-0.9918,-0.9918,True,50,-0.9921,8,d8c8,410,-0.9830,-0.9830,True,52,-0.9732,8
12h,159,120,b,8/3P4/2Q5/4k3/6p1/6P1/3K3P/8 b - - 0 64,e5d4,d7d8q,d7d8q,8,8,8,1-0,3,BUDGET,False,0.5732,-0.9757,-0.9922,0.0572,True,e5f5,64,-0.9974,-0.9974,True,0,nan,8,e5f5,512,-0.9997,-0.9997,True,0,nan,8
12h,160,90,b,8/5pk1/1rp3p1/P3R3/1pKP4/1P2P3/1B2Rn1r/8 b - - 0 49,f2d3,e2h2,e2h2,5,5,0,1/2-1/2,37,BUDGET,True,0.1473,0.0938,-0.0996,0.0334,True,f2d3,30,-0.3257,-0.3257,True,0,nan,5,f2e4,240,-0.5689,-0.5689,True,0,nan,5
12h,165,4,b,rnbq1b1r/pppkpp1p/3p4/5Pp1/3PP1n1/P7/1PP4P/RNBQKBNR b KQ - 0 6,b8c6,d1g4,d1g4,3,3,1,1/2-1/2,126,BUDGET,True,0.1542,0.0918,-0.1514,0.4609,True,b8c6,30,-0.0261,-0.0261,True,28,-0.0268,3,f8g7,240,-0.1203,-0.1203,True,238,-0.1211,3
12h,166,44,b,1r2k2r/2qnn3/1pp3p1/p6p/P2PP3/1P1RbB1P/1BP1N3/4QR1K b - - 6 26,e8f7,d3e3,d3e3,3,3,0,1-0,89,BUDGET,False,0.1636,0.3555,0.0972,0.1971,True,e3f4,30,-0.2465,-0.2465,True,29,-0.2583,0,e3f4,112,-0.3086,-0.3086,True,111,-0.3123,0
12h,166,68,b,1r6/8/1pp3k1/p3P1p1/P2P2Br/1P4NP/1BP5/5RK1 b - - 2 38,b8c8,g4c8,g4c8,5,5,0,1-0,65,BUDGET,False,0.0608,-0.5542,-0.6738,0.0196,True,b6b5,14,-0.6757,-0.6757,True,0,nan,0,b8g8,112,-0.7314,-0.7314,True,0,nan,0
12h,166,112,b,8/6k1/8/4PN2/3r2p1/6K1/2B5/2R5 b - - 3 60,g7g6,f5d4,f5d4,5,5,5,1-0,21,BUDGET,True,0.5620,-0.6890,-0.6338,0.9502,True,g7g6,43,-0.9784,-0.9784,True,42,-0.9866,5,g7f7,343,-0.9863,-0.9863,True,342,-0.9874,5
12h,166,124,b,8/4P3/2N5/6k1/4B1p1/6K1/8/3R4 b - - 0 66,g5f6,e7e8q,e7e8q,8,8,8,1-0,9,BUDGET,False,0.5820,-0.9809,-0.9785,0.4443,True,g5h5,53,-0.9917,-0.9917,True,52,-0.9920,8,g5h5,427,-0.9862,-0.9862,True,426,-0.9862,8
12h,167,72,b,7k/4q3/2Pp4/p2P3R/1r2P1Rp/6pP/1PP3P1/3K4 b - - 1 40,e7h7,h5h7,h5h7,4,4,99,1-0,61,OTHER(forced),True,1.0000,0.3525,0.2402,0.2949,True,e7h7,128,-0.6627,-0.6627,True,127,-0.6698,4,e7h7,1024,-0.7413,-0.7413,True,1023,-0.7422,4
12h,167,98,b,8/2P5/3p3k/p2P4/2P4r/1P4RP/6P1/3K4 b - - 0 53,a5a4,c7c8q,c7c8q,8,8,0,1-0,35,VALUE,True,0.1082,-0.7507,-0.7256,0.1029,True,a5a4,43,-0.7906,-0.7906,True,13,-0.9416,8,a5a4,336,-0.9250,-0.9250,True,306,-0.9446,8
12h,167,128,b,8/8/3R4/3P2k1/2P2r2/1P2Q2P/4K1P1/8 b - - 4 68,g5h4,e3f4,e3f4,5,5,0,1-0,5,BUDGET,False,0.3850,-0.9700,-0.9902,0.4927,True,g5h5,53,-0.9694,-0.9694,True,3,-0.6640,5,g5h5,427,-0.9906,-0.9906,True,3,-0.6640,5
12h,168,8,b,r2qkb1r/ppp1ppp1/2np3p/8/4b1K1/5N2/PPPP3P/RNBQ1B1R b kq - 0 8,c6d4,f3d4,f3d4,3,3,0,1/2-1/2,128,BUDGET,False,0.0201,0.1982,0.4102,0.2683,True,c6e5,30,0.3350,0.3350,True,21,0.2992,0,c6e5,240,0.3908,0.3908,True,231,0.3897,0
12h,168,24,b,r2qk2r/ppp2pp1/5b1p/3p1N2/6K1/2NB4/PPP1Q1bP/R1B5 b kq - 5 16,f6e7,e2g2,e2g2,3,3,0,1/2-1/2,112,VALUE,True,0.0351,0.2852,0.4409,0.7549,True,f6e7,43,-0.0191,-0.0191,True,42,-0.0300,3,f6e7,344,-0.0430,-0.0430,True,343,-0.0444,3
12h,168,78,b,r7/2N5/2p5/p2k4/1p1p1K1P/3B4/PPP5/8 b - - 3 43,d5d6,c7a8,c7a8,5,5,5,1/2-1/2,58,BUDGET,True,0.3291,0.2246,0.0225,0.7935,True,d5d6,64,-0.7471,-0.7471,True,63,-0.7593,5,d5c5,512,-0.7844,-0.7844,True,511,-0.7860,5
12h,168,90,b,N7/7P/2p5/3k4/3p1K2/p7/P1P5/5B2 b - - 1 49,c6c5,h7h8r,h7h8q,4,8,8,1/2-1/2,46,BUDGET,False,0.3416,-0.8143,-0.8643,0.8818,True,d4d3,52,-0.9672,-0.9672,True,51,-0.9692,8,d5e6,68,-0.9689,-0.9689,True,67,-0.9704,8
12h,169,44,b,2b2rk1/3R1ppp/2pN2n1/6P1/2q5/P4P2/7P/4KR2 b - - 3 26,c4f1,e1f1,e1f1,4,4,0,1/2-1/2,31,BUDGET,False,0.0594,0.8164,0.7520,0.9927,True,c4e6,2,0.5342,0.5342,True,1,0.3164,0,c4e6,112,0.8992,0.8992,True,110,0.9005,0
12h,172,24,b,1rb1kb1r/3n2p1/1q3n2/1P1p1B1p/Q2P1N2/2N1B3/PP3PPP/R3K2R b KQk - 0 16,f8b4,a4b4,a4b4,3,3,0,1/2-1/2,119,BUDGET,True,0.4165,-0.1055,-0.2822,0.0018,True,f8b4,30,-0.2282,-0.2282,True,0,nan,3,f8e7,240,-0.2265,-0.2265,True,0,nan,0
12h,172,122,b,8/8/8/8/r2Pk3/2N1B2P/5PP1/1K6 b - - 15 65,e4d3,c3a4,c3a4,5,5,5,1/2-1/2,21,BUDGET,True,0.8569,-0.7188,-0.6523,0.6528,True,e4d3,64,-0.9785,-0.9785,True,63,-0.9837,5,e4f5,512,-0.9868,-0.9868,True,511,-0.9874,5
12h,173,44,b,2rr2k1/p4ppp/1p6/1Np3P1/2P4P/PQ1B4/7K/2q4b b - - 1 26,c1f4,h2h1,h2h1,3,3,0,1/2-1/2,30,BUDGET,False,0.0716,0.6328,0.5605,0.3459,True,h1f3,6,0.5199,0.5199,True,4,0.4777,1,a7a6,16,0.4962,0.4962,True,14,0.4808,0
12h,173,64,b,3r2k1/r4ppp/1pq5/1Np3P1/2P5/P7/8/6K1 b - - 1 36,d8d2,b5a7,b5a7,5,5,0,1/2-1/2,10,BUDGET,False,0.0159,0.9824,0.9671,0.5083,True,a7a8,0,-1.0000,0.9757,False,0,nan,0,d8a8,0,-1.0000,0.9719,False,0,nan,2
12h,174,78,b,8/6p1/3k4/p2Bpb1p/4Pp1P/r2P1P2/4K3/3R4 b - - 3 43,a5a4,e4f5,e4f5,3,3,0,0-1,66,BUDGET,False,0.1996,0.3154,0.2202,0.8770,True,a3c3,2,0.1099,0.1099,True,1,-0.0005,3,f5e6,48,0.1814,0.1814,True,5,0.3095,0
12h,178,46,b,6k1/ppp3b1/6b1/3q4/1P6/P1pPK2P/4n3/1R1Q3R b - - 0 27,g7d4,e3e2,e3e2,3,3,-1,0-1,20,VALUE,False,0.0498,0.4033,0.3281,1.0000,True,e2d4,6,0.1576,0.1576,True,5,0.1235,0,g7d4,240,0.6251,0.6251,True,239,0.6264,3
12h,179,28,b,r3k2r/pp1b1pp1/7p/1P6/3p4/3PPq2/1P1KBP1P/1R5R b kq - 1 18,f3h1,b1h1,b1h1,4,4,-1,1/2-1/2,44,BUDGET,False,0.2172,0.8877,0.8807,0.9336,True,f3f5,6,0.6604,0.6604,True,5,0.6163,1,f3g2,48,0.6075,0.6075,True,47,0.6016,1
12h,185,76,b,8/5pk1/4p1p1/4P2p/3N4/rP1Bn2P/1K5b/7R b - - 1 42,h2e5,b2a3,b2a3,4,4,3,1/2-1/2,88,OTHER(forced),True,0.4343,0.5254,0.3823,0.4939,True,h2e5,30,0.3543,0.3543,True,28,0.3457,4,h2e5,240,0.3733,0.3733,True,238,0.3724,4
12h,185,110,b,8/8/1P3p2/6p1/1bRp1k1p/3K3P/8/8 b - - 2 59,f4g3,c4b4,c4b4,3,3,0,1/2-1/2,54,BUDGET,False,0.3403,0.3379,0.0928,0.6040,True,b4a5,6,-0.1999,-0.1999,True,5,-0.2584,1,b4d6,17,-0.2991,-0.2991,True,16,-0.3236,1
12h,185,114,b,8/1P6/5p2/6p1/1R1p3p/3K3k/8/8 b - - 0 61,g5g4,b7b8r,b7b8q,4,8,8,1/2-1/2,50,BUDGET,True,0.1396,-0.0181,-0.4307,0.7710,True,g5g4,43,-0.5924,-0.5924,True,41,-0.6049,8,h3g2,169,-0.6934,-0.6934,True,167,-0.6977,8
12h,192,90,b,8/5p2/R4nk1/R3P3/8/1r1BKPp1/6P1/8 b - - 0 49,g6g5,e5f6,e5f6,3,3,2,1/2-1/2,96,BUDGET,False,0.1830,-0.7361,-0.7061,0.8623,True,g6h5,52,-0.8907,-0.8907,True,7,-0.6974,3,g6h5,68,-0.9029,-0.9029,True,7,-0.6974,3
12h,193,32,b,r3k2r/pp3pRp/2n1bn2/1q1pp3/3P4/4PN2/P3BP1P/3Q2K1 b kq - 0 20,e5e4,e2b5,e2b5,9,9,0,1/2-1/2,77,BUDGET,False,0.3293,0.3232,0.3018,0.9805,True,b5b4,6,-0.0513,-0.0513,True,5,-0.1219,0,b5b4,48,0.0460,0.0460,True,47,0.0406,0
12h,194,90,b,3r4/1p2k3/2p5/p3KBq1/P7/4p3/3n4/8 b - - 5 49,g5f5,e5f5,e5f5,6,6,0,1/2-1/2,20,BUDGET,False,0.5083,0.9941,0.9893,1.0000,True,d8d5,0,-1.0000,1.0000,False,0,nan,0,d8d5,0,-1.0000,1.0000,False,0,nan,0
12h,194,96,b,3r4/1p2k3/2p5/p7/P7/4K3/3n4/8 b - - 0 52,e7d6,e3d2,e3d2,3,3,0,1/2-1/2,14,BUDGET,False,0.0984,0.9863,0.9550,0.5703,True,d2c4,2,0.9692,0.9692,True,1,0.9834,0,d8d5,48,0.9740,0.9740,True,42,0.9726,0
12h,195,40,b,r1bkq3/1p3pQ1/2pN2p1/p3P1P1/P6r/4P1nP/1P6/R1B1K1R1 b Q - 1 24,g3h5,d6e8,d6e8,6,6,3,1-0,75,BUDGET,False,0.0057,-0.2227,-0.3359,0.8584,True,e8e7,0,-1.0000,-0.4852,False,0,nan,3,e8e7,0,-1.0000,-0.7076,False,0,nan,3
12h,195,54,b,r1b5/1p2Ppk1/2p3p1/p5P1/P7/4P1K1/1P1B3r/R5R1 b - - 2 31,h2d2,e7e8q,e7e8q,5,5,0,1-0,61,BUDGET,False,0.2871,-0.2803,0.2344,0.2620,True,h2h5,6,-0.4138,-0.4138,True,5,-0.5435,8,h2h3,48,-0.6301,-0.6301,True,47,-0.6485,0
12h,195,56,b,r1b1Q3/1p3pk1/2p3p1/p5P1/P7/4P1K1/1P1r4/R5R1 b - - 0 32,c8e6,e8a8,e8a8,5,5,-1,1-0,59,BUDGET,False,0.0247,-0.2983,-0.4648,0.4395,True,f7f6,6,-0.7358,-0.7358,True,5,-0.7899,0,f7f6,16,-0.7745,-0.7745,True,15,-0.7951,0
12h,195,86,b,3k4/P7/5Pp1/8/5K2/4P3/1P6/2Q5 b - - 0 47,d8d7,a7a8r,a7a8q,4,8,1,1-0,29,VALUE,False,0.3752,-0.9905,-0.9990,0.2639,True,g6g5,21,-0.9947,-0.9947,True,1,-0.9928,1,d8d7,427,-0.9922,-0.9922,True,145,-0.9949,8
12h,195,112,b,R7/1P5k/2Q5/4P3/5K2/8/8/8 b - - 0 60,h7g7,b7b8r,b7b8q,4,8,99,1-0,3,OTHER(forced),True,1.0000,-0.9939,-0.9990,0.0189,True,h7g7,128,-0.9958,-0.9958,True,0,nan,8,h7g7,1024,-0.9968,-0.9968,True,0,nan,8
12h,196,126,b,3n4/ppk5/3p4/PR1bb3/4n3/5qr1/2K5/8 b - - 15 67,g3g8,b5d5,b5d5,3,3,0,1/2-1/2,25,BUDGET,False,0.0151,0.9883,0.9832,0.1357,True,f3a3,0,-1.0000,0.9840,False,0,nan,3,f3f2,0,-1.0000,0.9809,False,0,nan,0
12h,197,94,b,8/3r4/1N4k1/p7/2KP3b/P6p/1P6/8 b - - 0 51,h3h2,b6d7,b6d7,5,5,0,1/2-1/2,47,BUDGET,True,0.9780,0.7148,0.5195,0.8813,True,h3h2,30,0.6978,0.6978,True,20,0.6594,5,d7a7,112,0.6822,0.6822,True,102,0.6731,0
12h,199,130,b,6r1/2kr4/2p2Q2/1pRq3p/3Pp1b1/8/1K6/8 b - - 27 69,d5c5,d4c5,d4c5,4,4,-1,0-1,36,BUDGET,False,0.0774,0.7568,0.9080,0.8745,True,g4e6,14,0.5495,0.5495,True,13,0.5219,4,d5d4,16,0.5343,0.5343,True,15,0.5094,-1
